8.586662262678146362e-02,4.178719520568847656e-01,3.109045028686523438e-01,0.000000000000000000e+00,4.905833899974822998e-01,7.428426146507263184e-01,6.047065258026123047e-01,4.931707680225372314e-01,4.199080765247344971e-01,4.580375850200653076e-01,7.283864617347717285e-01,5.244494676589965820e-01,0.000000000000000000e+00,5.193530321121215820e-01,5.113608241081237793e-01,0.000000000000000000e+00,5.329124927520751953e-01,8.882116079330444336e-01,5.424298048019409180e-01,5.647337436676025391e-01,8.633768558502197266e-01,3.698986470699310303e-01,5.256414413452148438e-01,7.258130908012390137e-01,5.681585669517517090e-01,4.291566610336303711e-01,3.618642985820770264e-01,5.004487186670303345e-02,3.162848651409149170e-01,2.954027950763702393e-01
8.203003555536270142e-02,4.562117159366607666e-01,3.226739764213562012e-01,0.000000000000000000e+00,4.810558557510375977e-01,7.482994198799133301e-01,6.065741181373596191e-01,5.051040053367614746e-01,4.494220018386840820e-01,4.467490911483764648e-01,7.348831295967102051e-01,5.328059792518615723e-01,0.000000000000000000e+00,5.550447702407836914e-01,5.027363300323486328e-01,0.000000000000000000e+00,4.041284024715423584e-01,9.133077859878540039e-01,5.653527975082397461e-01,5.749646425247192383e-01,8.659116625785827637e-01,3.615089654922485352e-01,4.840501248836517334e-01,7.136839032173156738e-01,6.625808477401733398e-01,2.886833250522613525e-01,6.406911611557006836e-01,1.235749274492263794e-01,3.071993291378021240e-01,3.414062559604644775e-01
1.028924807906150818e-01,4.514227509498596191e-01,3.328974843025207520e-01,0.000000000000000000e+00,4.758699834346771240e-01,7.527635693550109863e-01,6.014845967292785645e-01,5.082522630691528320e-01,4.453205168247222900e-01,4.439967572689056396e-01,7.353370189666748047e-01,5.351867079734802246e-01,0.000000000000000000e+00,5.847870111465454102e-01,4.774121344089508057e-01,0.000000000000000000e+00,3.896914124488830566e-01,9.271524548530578613e-01,5.830431580543518066e-01,5.952097773551940918e-01,8.466441035270690918e-01,3.783937096595764160e-01,4.296973049640655518e-01,6.976736783981323242e-01,5.926581025123596191e-01,3.166267275810241699e-01,3.026639521121978760e-01,1.553207784891128540e-01,3.691380321979522705e-01,3.394982218742370605e-01
8.178620785474777222e-02,4.012561142444610596e-01,3.528491556644439697e-01,0.000000000000000000e+00,4.672340750694274902e-01,7.668914794921875000e-01,5.661990642547607422e-01,4.953703284263610840e-01,4.134149551391601562e-01,4.281463921070098877e-01,7.502536177635192871e-01,5.410568118095397949e-01,0.000000000000000000e+00,6.410036683082580566e-01,3.911289572715759277e-01,0.000000000000000000e+00,4.138581454753875732e-01,9.423683881759643555e-01,5.891830921173095703e-01,6.004210114479064941e-01,8.425537347793579102e-01,3.962891697883605957e-01,3.970409035682678223e-01,6.861674785614013672e-01,6.206204891204833984e-01,4.407092034816741943e-01,4.759021103382110596e-01,2.274758517742156982e-01,5.121145248413085938e-01,3.693461120128631592e-01
6.398083269596099854e-02,3.479402959346771240e-01,3.993839323520660400e-01,0.000000000000000000e+00,4.576362073421478271e-01,7.840963602066040039e-01,5.970343351364135742e-01,5.406106114387512207e-01,4.002742767333984375e-01,4.224526584148406982e-01,7.313451766967773438e-01,5.697100162506103516e-01,0.000000000000000000e+00,6.460603475570678711e-01,3.456929624080657959e-01,0.000000000000000000e+00,4.569970071315765381e-01,9.440698623657226562e-01,5.846269726753234863e-01,5.928026437759399414e-01,8.611182570457458496e-01,4.162175059318542480e-01,3.771530091762542725e-01,6.733797788619995117e-01,6.159197688102722168e-01,4.812031388282775879e-01,5.154153704643249512e-01,2.760572433471679688e-01,5.313324332237243652e-01,3.874982297420501709e-01
2.067046314477920532e-01,3.662107288837432861e-01,4.914880692958831787e-01,0.000000000000000000e+00,4.752332568168640137e-01,7.822702527046203613e-01,6.334211826324462891e-01,5.284762978553771973e-01,3.974002301692962646e-01,4.199751913547515869e-01,7.332077622413635254e-01,5.827538371086120605e-01,0.000000000000000000e+00,6.038640737533569336e-01,3.503885567188262939e-01,0.000000000000000000e+00,5.071810483932495117e-01,9.336004853248596191e-01,5.830017328262329102e-01,5.932763218879699707e-01,8.815573453903198242e-01,4.337707161903381348e-01,3.567343950271606445e-01,6.608582735061645508e-01,5.407430529594421387e-01,5.155895352363586426e-01,4.860001206398010254e-01,2.831528186798095703e-01,5.217801928520202637e-01,4.094395339488983154e-01
3.523705005645751953e-01,3.544687926769256592e-01,6.019663810729980469e-01,0.000000000000000000e+00,5.932898521423339844e-01,7.928376197814941406e-01,6.563625335693359375e-01,4.694846868515014648e-01,3.868357241153717041e-01,3.981435000896453857e-01,7.489532232284545898e-01,5.909733176231384277e-01,0.000000000000000000e+00,5.594994425773620605e-01,3.613065183162689209e-01,0.000000000000000000e+00,5.507323145866394043e-01,9.224852919578552246e-01,5.912643074989318848e-01,6.037558913230895996e-01,9.128767251968383789e-01,4.450804591178894043e-01,3.508696258068084717e-01,6.465650796890258789e-01,5.406454205513000488e-01,4.307139217853546143e-01,4.607373774051666260e-01,2.999772727489471436e-01,5.426527857780456543e-01,4.290916919708251953e-01
2.991388142108917236e-01,3.355399668216705322e-01,7.139979004859924316e-01,0.000000000000000000e+00,8.549172282218933105e-01,8.421112895011901855e-01,6.371037960052490234e-01,3.138038218021392822e-01,2.948891818523406982e-01,3.295488357543945312e-01,7.796409130096435547e-01,6.010208129882812500e-01,0.000000000000000000e+00,5.290035605430603027e-01,3.509226143360137939e-01,0.000000000000000000e+00,6.041004657745361328e-01,9.110912084579467773e-01,6.163720488548278809e-01,6.173315644264221191e-01,9.430944919586181641e-01,4.568469524383544922e-01,3.482319712638854980e-01,6.127047538757324219e-01,4.769454002380371094e-01,3.999398350715637207e-01,3.813742399215698242e-01,2.938438653945922852e-01,4.564775824546813965e-01,4.319764077663421631e-01
1.632906794548034668e-01,2.964909374713897705e-01,7.610920667648315430e-01,0.000000000000000000e+00,1.000000000000000000e+00,8.621962666511535645e-01,6.159312129020690918e-01,2.361221164464950562e-01,2.073391824960708618e-01,2.889489829540252686e-01,8.034696578979492188e-01,6.050630211830139160e-01,0.000000000000000000e+00,5.117930173873901367e-01,3.422543108463287354e-01,0.000000000000000000e+00,6.309776306152343750e-01,9.076187610626220703e-01,6.349208354949951172e-01,6.321330666542053223e-01,9.121968150138854980e-01,4.589284062385559082e-01,3.679733276367187500e-01,5.799226164817810059e-01,4.937008619308471680e-01,4.101199805736541748e-01,3.646413385868072510e-01,2.772500514984130859e-01,4.073532521724700928e-01,4.294999539852142334e-01
1.675225496292114258e-01,2.798356413841247559e-01,7.591214776039123535e-01,0.000000000000000000e+00,1.000000000000000000e+00,8.491271734237670898e-01,5.728631019592285156e-01,3.664192557334899902e-01,2.118696123361587524e-01,2.471420913934707642e-01,7.935523390769958496e-01,6.053928136825561523e-01,0.000000000000000000e+00,5.069271922111511230e-01,3.396202921867370605e-01,0.000000000000000000e+00,6.262167692184448242e-01,9.141898751258850098e-01,6.362281441688537598e-01,6.406783461570739746e-01,8.943920731544494629e-01,4.585034251213073730e-01,3.820978701114654541e-01,5.643517971038818359e-01,5.473855733871459961e-01,4.491636753082275391e-01,4.074773192405700684e-01,2.668761909008026123e-01,2.639285326004028320e-01,4.083090126514434814e-01
2.145805805921554565e-01,2.712187170982360840e-01,7.257474064826965332e-01,0.000000000000000000e+00,8.427560925483703613e-01,8.226508498191833496e-01,6.435512304306030273e-01,6.356193423271179199e-01,1.438057869672775269e-01,1.478518694639205933e-01,7.298528552055358887e-01,6.230561137199401855e-01,5.542488768696784973e-02,5.135331749916076660e-01,3.515895903110504150e-01,0.000000000000000000e+00,5.775502324104309082e-01,9.343141317367553711e-01,6.374949812889099121e-01,6.384261846542358398e-01,8.880081772804260254e-01,4.596255421638488770e-01,3.901075124740600586e-01,5.592370033264160156e-01,5.634257197380065918e-01,4.427121579647064209e-01,3.935338556766510010e-01,2.691205143928527832e-01,2.552559971809387207e-01,4.032550156116485596e-01
2.686044871807098389e-01,2.721386551856994629e-01,6.898247599601745605e-01,0.000000000000000000e+00,7.011612057685852051e-01,8.108865618705749512e-01,6.819798350334167480e-01,6.793457269668579102e-01,5.580711364746093750e-02,1.823742985725402832e-01,7.376555204391479492e-01,6.268900036811828613e-01,1.233092471957206726e-01,5.226697325706481934e-01,3.587006032466888428e-01,0.000000000000000000e+00,5.389522910118103027e-01,9.545220136642456055e-01,6.568186283111572266e-01,6.292306184768676758e-01,8.663762807846069336e-01,4.736909568309783936e-01,4.130596816539764404e-01,5.375760197639465332e-01,5.929592847824096680e-01,4.338321983814239502e-01,3.873014152050018311e-01,2.724112868309020996e-01,2.783221602439880371e-01,4.019486308097839355e-01
3.881107568740844727e-01,2.422117441892623901e-01,6.426969766616821289e-01,0.000000000000000000e+00,5.369671583175659180e-01,8.162284493446350098e-01,7.054502367973327637e-01,7.345219850540161133e-01,0.000000000000000000e+00,3.120132088661193848e-01,7.962787747383117676e-01,6.316177845001220703e-01,5.573919508606195450e-03,5.126252770423889160e-01,2.979607880115509033e-01,0.000000000000000000e+00,6.672667860984802246e-01,9.342039227485656738e-01,6.599665284156799316e-01,6.450945734977722168e-01,8.579653501510620117e-01,5.000498294830322266e-01,4.390626847743988037e-01,5.098261237144470215e-01,5.800281763076782227e-01,4.242636561393737793e-01,4.287917017936706543e-01,3.275584876537322998e-01,3.555232584476470947e-01,3.990913331508636475e-01
4.220571517944335938e-01,2.289085388183593750e-01,5.994567275047302246e-01,0.000000000000000000e+00,3.810567259788513184e-01,8.208724260330200195e-01,7.773617506027221680e-01,7.531999349594116211e-01,0.000000000000000000e+00,4.026316404342651367e-01,8.297950029373168945e-01,6.299782395362854004e-01,0.000000000000000000e+00,5.034931302070617676e-01,2.327226698398590088e-01,0.000000000000000000e+00,8.073781728744506836e-01,9.060482978820800781e-01,6.277407407760620117e-01,6.347271203994750977e-01,8.680336475372314453e-01,4.986773729324340820e-01,4.588885903358459473e-01,4.929832518100738525e-01,5.893262028694152832e-01,4.009586870670318604e-01,4.382009506225585938e-01,3.556122183799743652e-01,3.954806625843048096e-01,3.899593949317932129e-01
3.365461826324462891e-01,2.701900005340576172e-01,5.108084678649902344e-01,6.480753421783447266e-03,3.699013292789459229e-01,7.980287671089172363e-01,7.789672613143920898e-01,7.723665833473205566e-01,0.000000000000000000e+00,5.480486750602722168e-01,8.866764307022094727e-01,6.358387470245361328e-01,1.087014600634574890e-01,5.586367249488830566e-01,3.302959203720092773e-01,0.000000000000000000e+00,5.315633416175842285e-01,9.688065648078918457e-01,6.161798834800720215e-01,6.259048581123352051e-01,8.657312989234924316e-01,4.935000240802764893e-01,4.629384875297546387e-01,4.864516258239746094e-01,5.616111755371093750e-01,4.016972780227661133e-01,5.025102496147155762e-01,3.762376010417938232e-01,4.370753169059753418e-01,3.806274831295013428e-01
3.283937871456146240e-01,2.852247655391693115e-01,3.517961800098419189e-01,1.050263345241546631e-01,3.889810144901275635e-01,7.525065541267395020e-01,6.600283384323120117e-01,7.474586367607116699e-01,0.000000000000000000e+00,8.163665533065795898e-01,1.000000000000000000e+00,6.581580042839050293e-01,3.892543315887451172e-01,5.587439537048339844e-01,4.326670467853546143e-01,0.000000000000000000e+00,3.203329145908355713e-01,1.000000000000000000e+00,6.172755360603332520e-01,6.222554445266723633e-01,8.604243993759155273e-01,4.875984191894531250e-01,4.577255845069885254e-01,4.840424954891204834e-01,5.307750105857849121e-01,4.200533032417297363e-01,4.654617607593536377e-01,3.913038372993469238e-01,4.284973442554473877e-01,3.745578229427337646e-01
3.628730773925781250e-01,2.760728895664215088e-01,3.141016960144042969e-01,1.320177316665649414e-01,3.994619250297546387e-01,7.388606667518615723e-01,6.047797203063964844e-01,7.187028527259826660e-01,0.000000000000000000e+00,1.000000000000000000e+00,1.000000000000000000e+00,6.646119952201843262e-01,3.272735774517059326e-01,5.288270115852355957e-01,4.316564500331878662e-01,0.000000000000000000e+00,3.115037381649017334e-01,1.000000000000000000e+00,6.161719560623168945e-01,6.234981417655944824e-01,8.652187585830688477e-01,4.809740781784057617e-01,4.513507485389709473e-01,4.794716238975524902e-01,5.632001757621765137e-01,4.445720314979553223e-01,3.777440190315246582e-01,4.018521308898925781e-01,3.673730492591857910e-01,3.524590730667114258e-01
3.904254734516143799e-01,2.697155475616455078e-01,3.275848031044006348e-01,1.241596564650535583e-01,4.210860133171081543e-01,7.286204099655151367e-01,6.514018774032592773e-01,7.257885932922363281e-01,0.000000000000000000e+00,1.000000000000000000e+00,1.000000000000000000e+00,6.501185894012451172e-01,6.779814958572387695e-01,5.955551266670227051e-01,4.978035688400268555e-01,0.000000000000000000e+00,3.274626731872558594e-01,9.539873003959655762e-01,6.201128363609313965e-01,6.216889619827270508e-01,8.562105298042297363e-01,4.749153256416320801e-01,4.405177831649780273e-01,4.671433269977569580e-01,6.101796030998229980e-01,4.242916405200958252e-01,3.942305743694305420e-01,4.302601814270019531e-01,3.341439068317413330e-01,3.409116566181182861e-01
3.630866706371307373e-01,2.996083796024322510e-01,3.025799691677093506e-01,1.270345151424407959e-01,4.817602932453155518e-01,6.866634488105773926e-01,4.196829497814178467e-01,4.892181158065795898e-01,0.000000000000000000e+00,1.000000000000000000e+00,1.000000000000000000e+00,6.460050940513610840e-01,6.388003230094909668e-01,4.903059601783752441e-01,4.552182555198669434e-01,0.000000000000000000e+00,3.569050431251525879e-01,9.416908025741577148e-01,6.574842333793640137e-01,6.003140211105346680e-01,7.726058363914489746e-01,4.714705049991607666e-01,4.132274091243743896e-01,4.467104077339172363e-01,6.094985008239746094e-01,4.390552341938018799e-01,4.050850272178649902e-01,4.578524529933929443e-01,3.421118855476379395e-01,3.496941030025482178e-01
3.755358755588531494e-01,4.068333208560943604e-01,3.093734085559844971e-01,9.899140149354934692e-02,5.528358221054077148e-01,6.283884048461914062e-01,3.758519589900970459e-01,2.972065508365631104e-01,1.329342275857925415e-01,1.000000000000000000e+00,1.000000000000000000e+00,6.277148723602294922e-01,6.561490893363952637e-01,4.217529296875000000e-01,4.536718428134918213e-01,0.000000000000000000e+00,3.833676874637603760e-01,9.301176071166992188e-01,6.672174930572509766e-01,5.746366977691650391e-01,7.173471450805664062e-01,4.673712849617004395e-01,4.172072410583496094e-01,4.453512132167816162e-01,6.010077595710754395e-01,4.514545798301696777e-01,4.258985519409179688e-01,4.802166819572448730e-01,3.734534978866577148e-01,3.563119471073150635e-01
4.393775165081024170e-01,4.385403096675872803e-01,4.524781405925750732e-01,3.235900402069091797e-02,5.503283143043518066e-01,5.981055498123168945e-01,4.556188583374023438e-01,2.831395864486694336e-01,1.421209573745727539e-01,1.000000000000000000e+00,1.000000000000000000e+00,6.023046374320983887e-01,6.443927884101867676e-01,4.244326353073120117e-01,4.670831859111785889e-01,0.000000000000000000e+00,3.644684553146362305e-01,9.352920055389404297e-01,6.652274131774902344e-01,5.529978871345520020e-01,7.097655534744262695e-01,4.623953998088836670e-01,4.283049702644348145e-01,4.501311182975769043e-01,5.962485671043395996e-01,4.320262372493743896e-01,4.366183280944824219e-01,4.781625568866729736e-01,3.814373016357421875e-01,3.613318800926208496e-01
3.804675042629241943e-01,4.313369393348693848e-01,5.918907523155212402e-01,3.153939545154571533e-02,5.289891958236694336e-01,5.942635536193847656e-01,3.176151216030120850e-01,2.747999727725982666e-01,1.701325327157974243e-01,1.000000000000000000e+00,1.000000000000000000e+00,5.579906702041625977e-01,6.526028513908386230e-01,4.677968323230743408e-01,5.071408152580261230e-01,0.000000000000000000e+00,3.258680105209350586e-01,9.224668741226196289e-01,6.666729450225830078e-01,5.400866270065307617e-01,7.103019952774047852e-01,4.610099792480468750e-01,4.317248463630676270e-01,4.525282382965087891e-01,5.930252671241760254e-01,4.228239059448242188e-01,4.337443113327026367e-01,4.833400249481201172e-01,3.921684026718139648e-01,3.693698942661285400e-01
3.027660250663757324e-01,4.214100837707519531e-01,6.939737200736999512e-01,5.683245137333869934e-02,5.099307298660278320e-01,6.008408665657043457e-01,3.740975260734558105e-01,1.753924489021301270e-01,3.080994486808776855e-01,1.000000000000000000e+00,1.000000000000000000e+00,5.038257837295532227e-01,6.089377999305725098e-01,5.537038445472717285e-01,5.062031149864196777e-01,0.000000000000000000e+00,4.040744602680206299e-01,8.703006505966186523e-01,6.538250446319580078e-01,5.203874707221984863e-01,7.087203860282897949e-01,4.600501060485839844e-01,4.322681128978729248e-01,4.542012810707092285e-01,6.132858991622924805e-01,4.419200122356414795e-01,4.383248090744018555e-01,4.885766208171844482e-01,3.772857785224914551e-01,3.727906644344329834e-01
2.815653383731842041e-01,4.315853714942932129e-01,6.873205304145812988e-01,7.910244911909103394e-02,5.021646022796630859e-01,6.090164780616760254e-01,3.682575821876525879e-01,1.607308089733123779e-01,4.508139491081237793e-01,1.000000000000000000e+00,1.000000000000000000e+00,4.705809354782104492e-01,5.130609869956970215e-01,5.908551812171936035e-01,5.022079944610595703e-01,0.000000000000000000e+00,5.726078748703002930e-01,8.300075531005859375e-01,6.368023753166198730e-01,5.157034993171691895e-01,7.191436290740966797e-01,4.594992399215698242e-01,4.307834208011627197e-01,4.507548213005065918e-01,6.097041368484497070e-01,4.405312240123748779e-01,3.845056593418121338e-01,4.803728461265563965e-01,3.636093735694885254e-01,3.823717534542083740e-01
2.358484417200088501e-01,4.511205255985260010e-01,6.125861406326293945e-01,1.721365898847579956e-01,4.606401622295379639e-01,6.210495829582214355e-01,3.400932252407073975e-01,1.719610989093780518e-01,5.039898753166198730e-01,1.000000000000000000e+00,1.000000000000000000e+00,4.573868215084075928e-01,4.305789470672607422e-01,5.820592045783996582e-01,4.146438241004943848e-01,0.000000000000000000e+00,4.775686264038085938e-01,8.018834590911865234e-01,6.278955340385437012e-01,5.265083312988281250e-01,7.361451983451843262e-01,4.610786437988281250e-01,4.277640581130981445e-01,4.457901716232299805e-01,5.905990004539489746e-01,4.269066154956817627e-01,3.618797957897186279e-01,4.919656813144683838e-01,3.781110048294067383e-01,3.960092663764953613e-01
3.253581523895263672e-01,4.239597618579864502e-01,6.373645067214965820e-01,1.948692947626113892e-01,5.225636959075927734e-01,6.176988482475280762e-01,3.196333646774291992e-01,1.796076893806457520e-01,5.059902667999267578e-01,1.000000000000000000e+00,1.000000000000000000e+00,4.538360834121704102e-01,4.293800294399261475e-01,5.713207125663757324e-01,3.848570585250854492e-01,0.000000000000000000e+00,4.596250653266906738e-01,8.599613904953002930e-01,6.282228827476501465e-01,5.281966328620910645e-01,7.507910132408142090e-01,4.604384303092956543e-01,4.322676658630371094e-01,4.456322193145751953e-01,5.968365073204040527e-01,4.229426383972167969e-01,3.925195634365081787e-01,5.028564929962158203e-01,3.931234776973724365e-01,4.032300412654876709e-01
1.867077499628067017e-01,4.543072879314422607e-01,4.478662610054016113e-01,2.951270341873168945e-01,3.596685826778411865e-01,6.136817336082458496e-01,3.226496577262878418e-01,1.714461743831634521e-01,5.325142741203308105e-01,1.000000000000000000e+00,1.000000000000000000e+00,4.444743096828460693e-01,4.518944919109344482e-01,5.681512951850891113e-01,3.896415233612060547e-01,0.000000000000000000e+00,4.807927608489990234e-01,8.873620629310607910e-01,6.474713683128356934e-01,5.184113383293151855e-01,7.812310457229614258e-01,4.519600868225097656e-01,4.555182456970214844e-01,4.486742019653320312e-01,5.908681154251098633e-01,4.461137652397155762e-01,3.793735206127166748e-01,5.189234614372253418e-01,4.029969274997711182e-01,4.070390164852142334e-01
2.235926091670989990e-01,4.846805930137634277e-01,3.979316949844360352e-01,2.935706973075866699e-01,3.409132063388824463e-01,6.106104254722595215e-01,3.443257212638854980e-01,1.640081405639648438e-01,5.854143500328063965e-01,1.000000000000000000e+00,1.000000000000000000e+00,4.321371316909790039e-01,4.585016667842864990e-01,5.777105689048767090e-01,3.662294447422027588e-01,0.000000000000000000e+00,4.593125283718109131e-01,8.774275779724121094e-01,6.727805137634277344e-01,5.204324126243591309e-01,7.714634537696838379e-01,4.359541237354278564e-01,4.817661941051483154e-01,4.529643356800079346e-01,6.117540001869201660e-01,4.629866182804107666e-01,3.845016658306121826e-01,5.302631258964538574e-01,4.040917754173278809e-01,4.107398390769958496e-01
2.604274749755859375e-01,4.666012823581695557e-01,3.673715591430664062e-01,2.955095767974853516e-01,3.383428454399108887e-01,5.924651622772216797e-01,3.680819869041442871e-01,1.743531674146652222e-01,6.433941721916198730e-01,1.000000000000000000e+00,1.000000000000000000e+00,4.194388091564178467e-01,5.120571851730346680e-01,5.910651683807373047e-01,3.705292642116546631e-01,0.000000000000000000e+00,4.332427680492401123e-01,8.826379179954528809e-01,6.441957950592041016e-01,5.054634809494018555e-01,7.120932936668395996e-01,4.327227771282196045e-01,5.003482103347778320e-01,4.539686441421508789e-01,6.354019641876220703e-01,4.658265113830566406e-01,4.268310964107513428e-01,5.275983810424804688e-01,3.946334421634674072e-01,4.243974089622497559e-01
2.556027173995971680e-01,4.564778804779052734e-01,3.810361027717590332e-01,2.819357216358184814e-01,3.609032034873962402e-01,5.873119235038757324e-01,3.758133053779602051e-01,2.046325504779815674e-01,6.872247457504272461e-01,1.000000000000000000e+00,1.000000000000000000e+00,4.036507904529571533e-01,6.453847289085388184e-01,5.737110972404479980e-01,4.731361865997314453e-01,0.000000000000000000e+00,3.671005070209503174e-01,9.175041913986206055e-01,7.107304930686950684e-01,4.824534058570861816e-01,7.199607491493225098e-01,4.249430894851684570e-01,5.088088512420654297e-01,4.541079401969909668e-01,6.344521045684814453e-01,4.535146057605743408e-01,4.579194188117980957e-01,5.254886746406555176e-01,3.920666277408599854e-01,4.347892999649047852e-01
2.448023408651351929e-01,4.504695236682891846e-01,4.008704721927642822e-01,2.655586004257202148e-01,3.870756030082702637e-01,5.877745747566223145e-01,3.624939918518066406e-01,2.660661339759826660e-01,7.154991626739501953e-01,1.000000000000000000e+00,1.000000000000000000e+00,3.703794777393341064e-01,6.289345026016235352e-01,5.684347748756408691e-01,5.172629952430725098e-01,0.000000000000000000e+00,4.224285483360290527e-01,8.971765041351318359e-01,7.493237853050231934e-01,4.822724461555480957e-01,6.981639862060546875e-01,4.666198492050170898e-01,4.564670026302337646e-01,4.446559250354766846e-01,6.281884908676147461e-01,4.508576691150665283e-01,4.726877808570861816e-01,5.159406661987304688e-01,4.070223867893218994e-01,4.474259614944458008e-01
2.581253349781036377e-01,4.422240853309631348e-01,4.234227836132049561e-01,2.490332275629043579e-01,4.164123237133026123e-01,5.867447257041931152e-01,3.346381485462188721e-01,3.082442879676818848e-01,7.126501798629760742e-01,1.000000000000000000e+00,1.000000000000000000e+00,3.372991681098937988e-01,6.105757951736450195e-01,5.562490820884704590e-01,5.858159065246582031e-01,0.000000000000000000e+00,4.870724678039550781e-01,8.491950631141662598e-01,7.348137497901916504e-01,4.559787213802337646e-01,7.101241946220397949e-01,5.399157404899597168e-01,3.834220767021179199e-01,4.109334051609039307e-01,6.162584424018859863e-01,4.549901783466339111e-01,4.598032832145690918e-01,4.909331202507019043e-01,4.279838502407073975e-01,4.685274362564086914e-01
3.073352873325347900e-01,4.256301224231719971e-01,4.877366423606872559e-01,2.223663330078125000e-01,4.748767018318176270e-01,5.804350376129150391e-01,3.386254310607910156e-01,3.553037047386169434e-01,7.091016769409179688e-01,1.000000000000000000e+00,1.000000000000000000e+00,2.909187972545623779e-01,5.090700984001159668e-01,5.473116636276245117e-01,5.482215285301208496e-01,0.000000000000000000e+00,5.942150354385375977e-01,7.576953768730163574e-01,7.173345685005187988e-01,4.485977590084075928e-01,7.396560311317443848e-01,5.806389451026916504e-01,3.319786190986633301e-01,3.939863443374633789e-01,6.023109555244445801e-01,4.464105963706970215e-01,4.425727725028991699e-01,4.844704866409301758e-01,4.295566082000732422e-01,4.752181172370910645e-01
3.093487918376922607e-01,4.046874344348907471e-01,5.070209503173828125e-01,2.261691242456436157e-01,5.075615048408508301e-01,5.722731947898864746e-01,3.420118391513824463e-01,3.772702515125274658e-01,7.175146937370300293e-01,1.000000000000000000e+00,1.000000000000000000e+00,2.689642906188964844e-01,4.256749153137207031e-01,5.099414587020874023e-01,4.324283301830291748e-01,0.000000000000000000e+00,6.030606627464294434e-01,7.113189101219177246e-01,7.713742256164550781e-01,4.323378205299377441e-01,7.459300160408020020e-01,5.951882004737854004e-01,3.267387151718139648e-01,3.838707506656646729e-01,5.951152443885803223e-01,4.282495677471160889e-01,4.451446533203125000e-01,4.695141017436981201e-01,4.317448735237121582e-01,4.882161617279052734e-01
3.250193297863006592e-01,3.867492079734802246e-01,4.950864911079406738e-01,2.350152432918548584e-01,4.928804636001586914e-01,5.699384212493896484e-01,3.457798659801483154e-01,3.809691965579986572e-01,7.267489433288574219e-01,1.000000000000000000e+00,1.000000000000000000e+00,2.621413767337799072e-01,3.655318915843963623e-01,4.758382439613342285e-01,3.402294218540191650e-01,0.000000000000000000e+00,5.745949149131774902e-01,7.193022370338439941e-01,8.192284107208251953e-01,4.094256460666656494e-01,7.606066465377807617e-01,6.240105032920837402e-01,3.245501518249511719e-01,3.565008044242858887e-01,6.088232994079589844e-01,4.436334073543548584e-01,4.344124197959899902e-01,4.549638628959655762e-01,4.226117134094238281e-01,4.985249042510986328e-01
3.380288481712341309e-01,3.878032267093658447e-01,4.768778681755065918e-01,2.325432449579238892e-01,4.630552828311920166e-01,5.673350691795349121e-01,3.531767427921295166e-01,4.009285867214202881e-01,7.348653078079223633e-01,1.000000000000000000e+00,1.000000000000000000e+00,2.506376206874847412e-01,3.052140176296234131e-01,4.515757560729980469e-01,2.954524457454681396e-01,0.000000000000000000e+00,6.182801723480224609e-01,7.004982829093933105e-01,8.332995176315307617e-01,3.785320222377777100e-01,6.917173862457275391e-01,6.282236576080322266e-01,3.536405563354492188e-01,3.432859182357788086e-01,6.133581995964050293e-01,4.405727684497833252e-01,4.323743283748626709e-01,4.534214437007904053e-01,4.176277220249176025e-01,5.037633180618286133e-01
3.503298163414001465e-01,3.845897018909454346e-01,4.395402967929840088e-01,2.277996838092803955e-01,4.488777816295623779e-01,5.624252557754516602e-01,3.617917299270629883e-01,4.825722873210906982e-01,7.472313642501831055e-01,1.000000000000000000e+00,1.000000000000000000e+00,2.157272249460220337e-01,2.829389572143554688e-01,4.057633876800537109e-01,3.104848563671112061e-01,0.000000000000000000e+00,6.553767919540405273e-01,6.963671445846557617e-01,8.205474019050598145e-01,3.398848772048950195e-01,6.683637499809265137e-01,6.171389818191528320e-01,3.675399422645568848e-01,3.381441831588745117e-01,6.078839898109436035e-01,4.295144975185394287e-01,4.285958409309387207e-01,4.440440833568572998e-01,4.100265204906463623e-01,5.179218053817749023e-01
3.550351262092590332e-01,3.846573233604431152e-01,4.068059325218200684e-01,2.162649482488632202e-01,4.354940056800842285e-01,5.532410740852355957e-01,3.626911640167236328e-01,5.790596604347229004e-01,7.741788625717163086e-01,1.000000000000000000e+00,1.000000000000000000e+00,1.852157115936279297e-01,3.653865754604339600e-01,3.197677731513977051e-01,3.662135303020477295e-01,0.000000000000000000e+00,6.223381757736206055e-01,7.015157938003540039e-01,8.370826840400695801e-01,3.243515789508819580e-01,7.087581157684326172e-01,6.273238062858581543e-01,3.530517816543579102e-01,3.182058334350585938e-01,5.982459783554077148e-01,4.261889755725860596e-01,4.022977352142333984e-01,4.447954595088958740e-01,4.140748679637908936e-01,5.282809138298034668e-01
3.172144293785095215e-01,4.348349571228027344e-01,4.482949376106262207e-01,1.748852729797363281e-01,3.940986990928649902e-01,5.390556454658508301e-01,3.559920787811279297e-01,6.954168677330017090e-01,8.307203650474548340e-01,1.000000000000000000e+00,1.000000000000000000e+00,1.574273705482482910e-01,3.348154723644256592e-01,2.917156517505645752e-01,4.234968423843383789e-01,0.000000000000000000e+00,5.390989184379577637e-01,7.346287369728088379e-01,6.941326260566711426e-01,3.724763393402099609e-01,6.287273168563842773e-01,6.816056370735168457e-01,2.993240952491760254e-01,3.153275251388549805e-01,6.015288829803466797e-01,4.179497361183166504e-01,3.969884812831878662e-01,4.437240958213806152e-01,4.164868593215942383e-01,5.289842486381530762e-01
2.722478210926055908e-01,4.478187263011932373e-01,4.967904984951019287e-01,1.138456240296363831e-01,3.408835530281066895e-01,5.318695902824401855e-01,3.332850933074951172e-01,7.409400343894958496e-01,9.288116693496704102e-01,1.000000000000000000e+00,1.000000000000000000e+00,1.442358493804931641e-01,3.062455952167510986e-01,3.150089085102081299e-01,4.488424956798553467e-01,0.000000000000000000e+00,5.864257812500000000e-01,7.032038569450378418e-01,5.146238207817077637e-01,2.971454560756683350e-01,4.412596523761749268e-01,7.082877159118652344e-01,2.984186112880706787e-01,3.304134905338287354e-01,5.985984206199645996e-01,4.290707409381866455e-01,3.968293368816375732e-01,4.453180432319641113e-01,4.158582687377929688e-01,5.339002609252929688e-01
2.928299307823181152e-01,4.559638202190399170e-01,5.328334569931030273e-01,7.924092561006546021e-02,3.007914721965789795e-01,5.344730615615844727e-01,3.123658299446105957e-01,7.536909580230712891e-01,9.713211059570312500e-01,1.000000000000000000e+00,1.000000000000000000e+00,1.488345712423324585e-01,3.138579130172729492e-01,3.324632644653320312e-01,4.480115175247192383e-01,0.000000000000000000e+00,5.402693152427673340e-01,6.717459559440612793e-01,5.563510656356811523e-01,3.127126097679138184e-01,5.323489904403686523e-01,5.659670233726501465e-01,1.321033984422683716e-01,3.867697715759277344e-01,5.899436473846435547e-01,4.504806101322174072e-01,3.955449759960174561e-01,4.516016542911529541e-01,4.169340431690216064e-01,5.453909635543823242e-01
3.256424069404602051e-01,3.501074612140655518e-01,6.059131622314453125e-01,9.975868463516235352e-02,3.206012845039367676e-01,5.396382212638854980e-01,5.703135728836059570e-01,5.605989694595336914e-01,1.000000000000000000e+00,1.000000000000000000e+00,1.000000000000000000e+00,1.507101505994796753e-01,2.447494864463806152e-01,3.757644295692443848e-01,4.208313226699829102e-01,1.668814197182655334e-02,5.524649620056152344e-01,6.460250616073608398e-01,1.000000000000000000e+00,4.617688357830047607e-01,1.000000000000000000e+00,5.188304185867309570e-01,0.000000000000000000e+00,4.444321691989898682e-01,5.914676189422607422e-01,4.476454854011535645e-01,3.883050978183746338e-01,4.557635784149169922e-01,4.183106720447540283e-01,5.500234961509704590e-01
3.543398082256317139e-01,3.968772590160369873e-01,6.014308929443359375e-01,1.282199472188949585e-01,4.101152122020721436e-01,5.377580523490905762e-01,3.449638783931732178e-01,7.525305151939392090e-01,7.799610495567321777e-01,1.000000000000000000e+00,1.000000000000000000e+00,1.547611504793167114e-01,2.267744243144989014e-01,3.976400792598724365e-01,3.831036090850830078e-01,4.248328506946563721e-02,5.979858636856079102e-01,5.755074620246887207e-01,1.000000000000000000e+00,5.740796327590942383e-01,1.000000000000000000e+00,6.227082610130310059e-01,0.000000000000000000e+00,4.783874154090881348e-01,5.929360389709472656e-01,4.509176909923553467e-01,3.926004469394683838e-01,4.612029194831848145e-01,4.148570895195007324e-01,5.555480122566223145e-01
3.444595336914062500e-01,3.186227381229400635e-01,5.470055937767028809e-01,1.839375644922256470e-01,4.808229506015777588e-01,5.419989824295043945e-01,3.798000216484069824e-01,8.572250008583068848e-01,1.000000000000000000e+00,1.000000000000000000e+00,1.000000000000000000e+00,1.568201780319213867e-01,2.226860970258712769e-01,3.812661170959472656e-01,3.150695860385894775e-01,2.054951153695583344e-02,4.908181726932525635e-01,5.697954297065734863e-01,1.000000000000000000e+00,6.061134934425354004e-01,1.000000000000000000e+00,6.565451025962829590e-01,0.000000000000000000e+00,4.905452728271484375e-01,5.994938611984252930e-01,4.408597648143768311e-01,4.042412042617797852e-01,4.692992866039276123e-01,4.080236554145812988e-01,5.621643066406250000e-01
3.777469396591186523e-01,3.542215228080749512e-01,4.902668595314025879e-01,1.740093827247619629e-01,4.840957224369049072e-01,5.392221808433532715e-01,6.646853089332580566e-01,7.638254165649414062e-01,1.000000000000000000e+00,1.000000000000000000e+00,1.000000000000000000e+00,1.345462352037429810e-01,1.435053348541259766e-01,2.929227054119110107e-01,2.730322778224945068e-01,4.645914956927299500e-02,4.631571471691131592e-01,6.016002893447875977e-01,1.000000000000000000e+00,6.149259209632873535e-01,1.000000000000000000e+00,6.386471986770629883e-01,0.000000000000000000e+00,4.952615201473236084e-01,6.438409090042114258e-01,4.696355164051055908e-01,3.675771057605743408e-01,4.759910404682159424e-01,3.921946287155151367e-01,5.617871284484863281e-01
3.158822953701019287e-01,3.765780925750732422e-01,4.684141278266906738e-01,1.601347476243972778e-01,4.345354735851287842e-01,5.396761894226074219e-01,7.404777407646179199e-01,7.347764968872070312e-01,1.000000000000000000e+00,1.000000000000000000e+00,1.000000000000000000e+00,9.889937192201614380e-02,1.590777784585952759e-01,2.549836337566375732e-01,2.822534739971160889e-01,7.509924471378326416e-02,4.572249352931976318e-01,5.759021639823913574e-01,8.616831898689270020e-01,6.166841387748718262e-01,9.133784174919128418e-01,6.032420396804809570e-01,1.414614468812942505e-01,4.822385311126708984e-01,6.566044688224792480e-01,4.807269871234893799e-01,3.564760982990264893e-01,4.758431315422058105e-01,3.907167315483093262e-01,5.608206987380981445e-01
3.086732625961303711e-01,2.659263908863067627e-01,5.452867746353149414e-01,1.278932392597198486e-01,3.721809387207031250e-01,5.142627954483032227e-01,6.790550351142883301e-01,7.597555518150329590e-01,1.000000000000000000e+00,1.000000000000000000e+00,1.000000000000000000e+00,6.853133440017700195e-02,3.640914857387542725e-01,3.077712059020996094e-01,3.400151133537292480e-01,2.627313435077667236e-01,4.517585933208465576e-01,5.035738945007324219e-01,3.474998176097869873e-01,5.594477653503417969e-01,9.842475652694702148e-01,5.190440416336059570e-01,4.443097412586212158e-01,4.261495769023895264e-01,5.363226532936096191e-01,4.125293493270874023e-01,4.263246655464172363e-01,4.699823856353759766e-01,4.342881441116333008e-01,5.778495669364929199e-01
2.909740805625915527e-01,3.828156292438507080e-01,5.611707568168640137e-01,8.419705182313919067e-02,3.398037254810333252e-01,5.024591088294982910e-01,5.540155768394470215e-01,7.538188695907592773e-01,1.000000000000000000e+00,1.000000000000000000e+00,1.000000000000000000e+00,8.515468984842300415e-02,4.606819450855255127e-01,4.054313600063323975e-01,3.938894569873809814e-01,4.255487024784088135e-01,4.916301667690277100e-01,4.463110566139221191e-01,5.071839690208435059e-02,6.419165730476379395e-01,1.000000000000000000e+00,4.527276456356048584e-01,5.681990385055541992e-01,4.854459464550018311e-01,5.594348907470703125e-01,4.237836301326751709e-01,3.905470371246337891e-01,4.648660123348236084e-01,4.387951791286468506e-01,5.703057050704956055e-01
2.616355419158935547e-01,5.095828771591186523e-01,5.779180526733398438e-01,6.656397134065628052e-02,3.120025396347045898e-01,4.984263181686401367e-01,4.231123626232147217e-01,7.177817225456237793e-01,9.636645913124084473e-01,9.466583132743835449e-01,1.000000000000000000e+00,1.643425077199935913e-01,3.496052324771881104e-01,4.832088947296142578e-01,4.179272353649139404e-01,4.802716970443725586e-01,4.981958568096160889e-01,4.749782085418701172e-01,2.655636072158813477e-01,6.485409140586853027e-01,9.789738655090332031e-01,4.880752563476562500e-01,5.010049343109130859e-01,5.643302202224731445e-01,5.673342347145080566e-01,4.227189421653747559e-01,3.821107745170593262e-01,4.607407748699188232e-01,4.450805485248565674e-01,5.694700479507446289e-01
2.137248367071151733e-01,3.836733698844909668e-01,6.684619188308715820e-01,2.094152867794036865e-01,3.725001513957977295e-01,5.103846788406372070e-01,4.887169003486633301e-01,7.810545563697814941e-01,1.000000000000000000e+00,8.753817677497863770e-01,1.000000000000000000e+00,1.750343590974807739e-01,2.408787012100219727e-01,5.176318883895874023e-01,4.171877503395080566e-01,4.574966132640838623e-01,3.980134129524230957e-01,5.137641429901123047e-01,7.112215757369995117e-01,5.704607367515563965e-01,7.451577782630920410e-01,5.161196589469909668e-01,2.962447404861450195e-01,5.694451928138732910e-01,5.675063729286193848e-01,4.154504239559173584e-01,3.888638317584991455e-01,4.622924923896789551e-01,4.491650462150573730e-01,5.679554343223571777e-01
2.662194669246673584e-01,4.504318237304687500e-01,6.303780078887939453e-01,4.381991177797317505e-02,2.867949903011322021e-01,4.782660007476806641e-01,4.492754936218261719e-01,6.753541827201843262e-01,1.000000000000000000e+00,8.140156269073486328e-01,1.000000000000000000e+00,1.817601621150970459e-01,3.048914372920989990e-01,5.818221569061279297e-01,3.939967155456542969e-01,4.235317707061767578e-01,3.259699940681457520e-01,5.136302709579467773e-01,8.876928091049194336e-01,4.976694285869598389e-01,8.494037389755249023e-01,4.750318229198455811e-01,2.162829041481018066e-01,5.367367863655090332e-01,5.713641643524169922e-01,4.105869233608245850e-01,3.966002166271209717e-01,4.735597968101501465e-01,4.468093216419219971e-01,5.587093830108642578e-01
3.605704009532928467e-01,4.299317598342895508e-01,5.184189677238464355e-01,1.449496597051620483e-01,2.786715924739837646e-01,5.139893889427185059e-01,4.047496914863586426e-01,6.026177406311035156e-01,1.000000000000000000e+00,7.744417190551757812e-01,1.000000000000000000e+00,1.902289390563964844e-01,3.722422122955322266e-01,5.984683632850646973e-01,3.619383573532104492e-01,4.164800941944122314e-01,3.135478496551513672e-01,5.111965537071228027e-01,8.236950039863586426e-01,5.077730417251586914e-01,8.836716413497924805e-01,4.756633043289184570e-01,2.776060700416564941e-01,5.096020698547363281e-01,5.861498117446899414e-01,4.362348914146423340e-01,3.766561448574066162e-01,4.902269542217254639e-01,4.507265985012054443e-01,5.489400625228881836e-01
3.603333830833435059e-01,4.097123742103576660e-01,5.348212122917175293e-01,2.019643932580947876e-01,3.685955703258514404e-01,5.284067392349243164e-01,3.946285843849182129e-01,5.968946218490600586e-01,1.000000000000000000e+00,7.627812623977661133e-01,1.000000000000000000e+00,1.918573528528213501e-01,2.946461439132690430e-01,5.331981778144836426e-01,3.333896696567535400e-01,3.478280603885650635e-01,3.431807160377502441e-01,4.956904649734497070e-01,8.079881668090820312e-01,5.600824356079101562e-01,8.260699510574340820e-01,4.962565600872039795e-01,4.117623269557952881e-01,4.820506572723388672e-01,5.837159752845764160e-01,4.357259571552276611e-01,3.940712213516235352e-01,5.049672126770019531e-01,4.569757580757141113e-01,5.477468371391296387e-01
3.469859659671783447e-01,3.555679023265838623e-01,6.035800576210021973e-01,2.470624297857284546e-01,4.458484947681427002e-01,5.333067774772644043e-01,4.002255201339721680e-01,6.185302138328552246e-01,1.000000000000000000e+00,7.598230242729187012e-01,1.000000000000000000e+00,1.945789009332656860e-01,2.268304526805877686e-01,4.509610235691070557e-01,3.406302630901336670e-01,3.269826173782348633e-01,3.870352804660797119e-01,4.388001561164855957e-01,8.423741459846496582e-01,5.852397680282592773e-01,7.417406439781188965e-01,5.195035338401794434e-01,5.504366159439086914e-01,4.897685348987579346e-01,5.750134587287902832e-01,4.376292526721954346e-01,3.840155303478240967e-01,5.150948762893676758e-01,4.701398015022277832e-01,5.516207814216613770e-01
3.789761066436767578e-01,3.321300446987152100e-01,6.628274321556091309e-01,2.810707688331604004e-01,4.600694477558135986e-01,4.993959665298461914e-01,4.186247885227203369e-01,6.426962614059448242e-01,1.000000000000000000e+00,7.555383443832397461e-01,1.000000000000000000e+00,1.989746391773223877e-01,2.524261772632598877e-01,3.951850533485412598e-01,3.674960732460021973e-01,3.483776748180389404e-01,4.186474382877349854e-01,3.912215232849121094e-01,8.250039815902709961e-01,5.627199411392211914e-01,8.632608056068420410e-01,5.366073250770568848e-01,5.645975470542907715e-01,4.973659217357635498e-01,5.724486708641052246e-01,4.487222731113433838e-01,3.828188776969909668e-01,5.248485207557678223e-01,4.812557697296142578e-01,5.538615584373474121e-01
2.826050519943237305e-01,3.427588343620300293e-01,5.808464288711547852e-01,2.677424550056457520e-01,3.959533572196960449e-01,4.698282182216644287e-01,4.419337213039398193e-01,6.443817019462585449e-01,1.000000000000000000e+00,7.390192151069641113e-01,1.000000000000000000e+00,2.071624845266342163e-01,2.838000059127807617e-01,3.557194769382476807e-01,3.920007050037384033e-01,3.622226119041442871e-01,4.297011494636535645e-01,3.639699518680572510e-01,8.135396242141723633e-01,5.617148876190185547e-01,8.961303830146789551e-01,5.446917414665222168e-01,4.996550679206848145e-01,5.031749010086059570e-01,5.807213187217712402e-01,4.448125064373016357e-01,4.255548417568206787e-01,5.303155183792114258e-01,4.724566638469696045e-01,5.549244880676269531e-01
2.498533129692077637e-01,3.747471868991851807e-01,5.161296725273132324e-01,2.513934969902038574e-01,3.433995544910430908e-01,4.553460776805877686e-01,4.722292125225067139e-01,6.502014994621276855e-01,1.000000000000000000e+00,7.077847123146057129e-01,9.316461682319641113e-01,2.117692977190017700e-01,2.917884588241577148e-01,3.485295772552490234e-01,4.041494429111480713e-01,3.814144432544708252e-01,4.239653646945953369e-01,3.573813438415527344e-01,7.427738904953002930e-01,5.881419777870178223e-01,9.090717434883117676e-01,5.310621261596679688e-01,4.804549217224121094e-01,4.992274343967437744e-01,5.726498961448669434e-01,4.289700388908386230e-01,4.124663472175598145e-01,5.306528806686401367e-01,4.706663489341735840e-01,5.541396141052246094e-01
2.744568586349487305e-01,4.238913059234619141e-01,5.270878076553344727e-01,2.451347708702087402e-01,3.174885809421539307e-01,4.511389136314392090e-01,4.949542880058288574e-01,6.743523478507995605e-01,1.000000000000000000e+00,6.777811646461486816e-01,8.011738061904907227e-01,2.122221589088439941e-01,3.106612861156463623e-01,4.418601691722869873e-01,4.325332045555114746e-01,4.888840317726135254e-01,3.876561224460601807e-01,3.696913719177246094e-01,7.396607995033264160e-01,5.858638882637023926e-01,9.228435158729553223e-01,5.179228186607360840e-01,4.654730856418609619e-01,4.971484541893005371e-01,5.695450901985168457e-01,4.304235875606536865e-01,4.035383760929107666e-01,5.263551473617553711e-01,4.801107048988342285e-01,5.537606477737426758e-01
3.146617114543914795e-01,4.331631362438201904e-01,5.692920088768005371e-01,2.509127259254455566e-01,3.054476976394653320e-01,4.440909028053283691e-01,4.893757700920104980e-01,6.887978315353393555e-01,9.969169497489929199e-01,6.671583652496337891e-01,7.735326886177062988e-01,2.175494283437728882e-01,3.143517076969146729e-01,5.391612648963928223e-01,4.569023549556732178e-01,5.993887782096862793e-01,3.141832947731018066e-01,3.824658095836639404e-01,7.882217764854431152e-01,5.715247392654418945e-01,8.968462944030761719e-01,5.079548358917236328e-01,4.521123766899108887e-01,5.007482171058654785e-01,5.740325450897216797e-01,4.269353747367858887e-01,4.057645797729492188e-01,5.289602279663085938e-01,4.835373759269714355e-01,5.519223213195800781e-01
3.715700805187225342e-01,4.227039813995361328e-01,6.257759928703308105e-01,2.490387558937072754e-01,3.064910173416137695e-01,4.383541643619537354e-01,5.029966235160827637e-01,6.971970200538635254e-01,9.285795688629150391e-01,6.459576487541198730e-01,7.067595720291137695e-01,2.223507612943649292e-01,3.006383478641510010e-01,5.191277265548706055e-01,4.467692971229553223e-01,5.679848790168762207e-01,3.283081352710723877e-01,3.366852700710296631e-01,8.208170533180236816e-01,5.643181204795837402e-01,8.562480807304382324e-01,4.930286109447479248e-01,4.391667544841766357e-01,5.019755363464355469e-01,5.688802003860473633e-01,4.301029145717620850e-01,3.924614191055297852e-01,5.319339632987976074e-01,4.810373783111572266e-01,5.514969825744628906e-01
4.010333418846130371e-01,4.444204270839691162e-01,6.619735360145568848e-01,2.472352087497711182e-01,3.246484994888305664e-01,4.407480359077453613e-01,4.548771679401397705e-01,7.290592193603515625e-01,7.316065430641174316e-01,6.167508363723754883e-01,5.791380405426025391e-01,2.219302654266357422e-01,3.635015189647674561e-01,4.735792279243469238e-01,4.313997626304626465e-01,4.532497823238372803e-01,3.310505449771881104e-01,2.832314074039459229e-01,8.172855377197265625e-01,5.586861968040466309e-01,8.196883201599121094e-01,4.814900457859039307e-01,4.124941825866699219e-01,4.941006600856781006e-01,5.666154026985168457e-01,4.354929029941558838e-01,3.876515030860900879e-01,5.340883731842041016e-01,4.825567603111267090e-01,5.520266294479370117e-01
2.834123671054840088e-01,4.229316711425781250e-01,6.530401110649108887e-01,2.936243712902069092e-01,3.853115439414978027e-01,4.695272147655487061e-01,4.513647556304931641e-01,7.858445644378662109e-01,6.354526281356811523e-01,6.150060296058654785e-01,4.592701792716979980e-01,2.423157989978790283e-01,4.305894374847412109e-01,5.120569467544555664e-01,4.523526728153228760e-01,4.924858212471008301e-01,2.764153480529785156e-01,2.631759941577911377e-01,8.531042933464050293e-01,5.557850599288940430e-01,8.024418354034423828e-01,4.749105572700500488e-01,4.254636764526367188e-01,4.812316000461578369e-01,5.661908388137817383e-01,4.538217186927795410e-01,3.811096847057342529e-01,5.365787148475646973e-01,4.911675155162811279e-01,5.507580041885375977e-01
2.812536954879760742e-01,4.129163026809692383e-01,6.553606390953063965e-01,3.079959452152252197e-01,4.244983792304992676e-01,4.785524010658264160e-01,5.235733389854431152e-01,8.204641938209533691e-01,6.361857652664184570e-01,6.137048602104187012e-01,3.741839230060577393e-01,2.506423890590667725e-01,4.046702384948730469e-01,5.230717062950134277e-01,4.708495736122131348e-01,5.408604741096496582e-01,3.277733922004699707e-01,2.265972942113876343e-01,8.251776099205017090e-01,5.624382495880126953e-01,7.369523048400878906e-01,4.769584834575653076e-01,4.647963643074035645e-01,4.752614498138427734e-01,5.784938335418701172e-01,4.308232367038726807e-01,4.178355634212493896e-01,5.462138652801513672e-01,4.887298643589019775e-01,5.550370812416076660e-01
3.669539093971252441e-01,3.465130925178527832e-01,6.640773415565490723e-01,3.658982813358306885e-01,4.894564151763916016e-01,4.901775717735290527e-01,5.543612837791442871e-01,8.082388639450073242e-01,5.749462842941284180e-01,6.205741167068481445e-01,3.111628592014312744e-01,2.530514001846313477e-01,3.807181417942047119e-01,5.132946372032165527e-01,4.484935104846954346e-01,4.917127788066864014e-01,3.740410804748535156e-01,1.914933323860168457e-01,8.194463253021240234e-01,5.443730354309082031e-01,7.555521726608276367e-01,5.000461339950561523e-01,4.585779309272766113e-01,4.808372557163238525e-01,5.654997825622558594e-01,4.388602077960968018e-01,4.164549708366394043e-01,5.510609149932861328e-01,4.934756755828857422e-01,5.600767135620117188e-01
3.868046700954437256e-01,3.316534459590911865e-01,6.488475799560546875e-01,3.913170099258422852e-01,4.829786121845245361e-01,4.921348094940185547e-01,5.009949803352355957e-01,7.320839166641235352e-01,3.918326795101165771e-01,6.584260463714599609e-01,2.148827761411666870e-01,2.864549756050109863e-01,3.670636415481567383e-01,5.102256536483764648e-01,4.286299645900726318e-01,4.668968617916107178e-01,3.725515007972717285e-01,1.838362216949462891e-01,7.829253673553466797e-01,5.409241318702697754e-01,9.136673212051391602e-01,5.360486507415771484e-01,4.149902164936065674e-01,4.937019348144531250e-01,5.690390467643737793e-01,4.406798779964447021e-01,4.314109981060028076e-01,5.477798581123352051e-01,4.875862896442413330e-01,5.661289691925048828e-01
3.652057945728302002e-01,3.458994925022125244e-01,6.632030606269836426e-01,4.221588373184204102e-01,4.737488031387329102e-01,4.804280698299407959e-01,4.589602351188659668e-01,6.888390183448791504e-01,3.532875478267669678e-01,6.854254603385925293e-01,1.825604289770126343e-01,3.001289665699005127e-01,3.575665652751922607e-01,5.018463134765625000e-01,4.127048552036285400e-01,4.708222150802612305e-01,3.507033586502075195e-01,1.919598877429962158e-01,7.930552363395690918e-01,5.532271862030029297e-01,9.929500818252563477e-01,5.420264601707458496e-01,3.982538878917694092e-01,5.024937391281127930e-01,5.750621557235717773e-01,4.383933544158935547e-01,4.517188966274261475e-01,5.462111830711364746e-01,4.800726175308227539e-01,5.653724074363708496e-01
3.406884372234344482e-01,3.512239158153533936e-01,6.642155051231384277e-01,4.266494512557983398e-01,4.630309045314788818e-01,4.702364206314086914e-01,4.866754710674285889e-01,6.871550083160400391e-01,4.496220350265502930e-01,6.969345211982727051e-01,2.140331417322158813e-01,2.987797558307647705e-01,3.563510477542877197e-01,4.859642088413238525e-01,3.723148703575134277e-01,4.546730518341064453e-01,3.056684732437133789e-01,2.075587809085845947e-01,7.963945865631103516e-01,5.693822503089904785e-01,9.148315787315368652e-01,5.469682216644287109e-01,4.669265449047088623e-01,4.998716711997985840e-01,5.808293223381042480e-01,4.358439445495605469e-01,4.743709564208984375e-01,5.513560771942138672e-01,4.836478829383850098e-01,5.623083114624023438e-01
3.299242556095123291e-01,3.751115500926971436e-01,6.500633358955383301e-01,4.268764257431030273e-01,4.572021961212158203e-01,4.578037261962890625e-01,5.779427289962768555e-01,6.814764738082885742e-01,4.985624849796295166e-01,7.155644893646240234e-01,2.374775707721710205e-01,3.249604403972625732e-01,3.595924377441406250e-01,5.047211647033691406e-01,3.720285892486572266e-01,4.540409743785858154e-01,2.840040922164916992e-01,2.250063419342041016e-01,8.137075304985046387e-01,5.714492201805114746e-01,8.741746544837951660e-01,5.535157918930053711e-01,4.984909594058990479e-01,4.980367124080657959e-01,5.714439153671264648e-01,4.343856871128082275e-01,4.444124102592468262e-01,5.435663461685180664e-01,4.773871302604675293e-01,5.678121447563171387e-01
3.653963208198547363e-01,3.863055706024169922e-01,6.327366232872009277e-01,4.470827579498291016e-01,4.233304858207702637e-01,4.424632787704467773e-01,6.691467761993408203e-01,7.108662128448486328e-01,5.462294816970825195e-01,7.197338342666625977e-01,2.616643309593200684e-01,3.522694706916809082e-01,3.938379883766174316e-01,5.242483019828796387e-01,4.130808115005493164e-01,5.158782005310058594e-01,2.975145578384399414e-01,2.484225630760192871e-01,8.260811567306518555e-01,5.659340620040893555e-01,8.756632804870605469e-01,5.566312670707702637e-01,4.950284957885742188e-01,4.981590807437896729e-01,5.601729750633239746e-01,4.331105351448059082e-01,4.103771448135375977e-01,5.321877598762512207e-01,4.688564538955688477e-01,5.747507810592651367e-01
3.852250277996063232e-01,3.775962591171264648e-01,6.408493518829345703e-01,4.577922523021697998e-01,4.151506721973419189e-01,4.471570253372192383e-01,6.715081930160522461e-01,7.225583791732788086e-01,6.366509199142456055e-01,7.074036598205566406e-01,2.933790981769561768e-01,3.773697018623352051e-01,4.420209228992462158e-01,5.010220408439636230e-01,4.521483480930328369e-01,5.235466361045837402e-01,2.826368510723114014e-01,2.757115066051483154e-01,8.157449364662170410e-01,5.638897418975830078e-01,8.648293614387512207e-01,5.517519116401672363e-01,5.037559270858764648e-01,4.969104230403900146e-01,5.620416402816772461e-01,4.281069040298461914e-01,4.190946519374847412e-01,5.312131643295288086e-01,4.640760421752929688e-01,5.759278535842895508e-01
3.524724245071411133e-01,3.790193796157836914e-01,6.510998606681823730e-01,4.755743741989135742e-01,4.468435645103454590e-01,4.581360518932342529e-01,6.423282623291015625e-01,7.284196615219116211e-01,7.235164642333984375e-01,7.112621068954467773e-01,3.298658728599548340e-01,3.823882341384887695e-01,4.780632853507995605e-01,4.875282347202301025e-01,4.595563411712646484e-01,4.904321432113647461e-01,3.162146806716918945e-01,2.964460253715515137e-01,7.670150995254516602e-01,5.761248469352722168e-01,7.896544337272644043e-01,5.349048972129821777e-01,5.688673257827758789e-01,4.911483228206634521e-01,5.842525362968444824e-01,4.125418066978454590e-01,4.714439809322357178e-01,5.208640694618225098e-01,4.517473280429840088e-01,5.806279182434082031e-01
3.656614720821380615e-01,3.686618804931640625e-01,6.576718688011169434e-01,4.871330559253692627e-01,4.723014235496520996e-01,4.655896425247192383e-01,6.280472874641418457e-01,7.256487607955932617e-01,7.622646093368530273e-01,7.042084336280822754e-01,3.708755373954772949e-01,3.858135640621185303e-01,5.171660780906677246e-01,4.805958867073059082e-01,4.515329301357269287e-01,4.781458675861358643e-01,3.498460352420806885e-01,3.000949323177337646e-01,7.775845527648925781e-01,5.988655686378479004e-01,7.061502337455749512e-01,5.310640335083007812e-01,5.927922129631042480e-01,4.929673373699188232e-01,5.746419429779052734e-01,4.188568592071533203e-01,4.438171982765197754e-01,5.270202159881591797e-01,4.580504298210144043e-01,5.775393247604370117e-01
3.693285584449768066e-01,3.787044882774353027e-01,6.620787978172302246e-01,4.707544147968292236e-01,4.802648127079010010e-01,4.542839527130126953e-01,6.204257011413574219e-01,6.599346995353698730e-01,7.288795113563537598e-01,5.764043331146240234e-01,4.211541116237640381e-01,4.610468745231628418e-01,5.323952436447143555e-01,4.630447626113891602e-01,4.334024488925933838e-01,4.650680422782897949e-01,3.726678788661956787e-01,3.049329817295074463e-01,8.047540187835693359e-01,6.084331870079040527e-01,7.346343994140625000e-01,5.439907908439636230e-01,5.161435008049011230e-01,4.902499914169311523e-01,5.557457804679870605e-01,4.380542039871215820e-01,3.980507552623748779e-01,5.483862161636352539e-01,4.702666699886322021e-01,5.700343251228332520e-01
3.432898521423339844e-01,3.755409121513366699e-01,6.679401397705078125e-01,4.663336873054504395e-01,4.835469424724578857e-01,4.563255906105041504e-01,5.802090764045715332e-01,5.880280733108520508e-01,6.356590986251831055e-01,4.749880433082580566e-01,4.294302165508270264e-01,5.253649353981018066e-01,5.318467617034912109e-01,4.107498228549957275e-01,3.944255411624908447e-01,4.073820710182189941e-01,4.126559793949127197e-01,2.837082445621490479e-01,8.477619290351867676e-01,5.804365277290344238e-01,8.118067383766174316e-01,5.523422956466674805e-01,4.686483442783355713e-01,4.916221797466278076e-01,5.598604679107666016e-01,4.294180870056152344e-01,4.080203771591186523e-01,5.549954771995544434e-01,4.689956009387969971e-01,5.687077045440673828e-01
3.860686123371124268e-01,3.376583456993103027e-01,6.661219596862792969e-01,4.978077709674835205e-01,4.893736243247985840e-01,4.805563390254974365e-01,5.777443051338195801e-01,5.416013598442077637e-01,5.155305266380310059e-01,4.789180755615234375e-01,4.018003344535827637e-01,5.358262062072753906e-01,4.848434627056121826e-01,4.041260480880737305e-01,3.701639771461486816e-01,4.096989631652832031e-01,4.539003074169158936e-01,2.598746716976165771e-01,8.127660751342773438e-01,5.794473290443420410e-01,8.488591909408569336e-01,5.540650486946105957e-01,4.642148613929748535e-01,4.903379678726196289e-01,5.540673732757568359e-01,4.256648421287536621e-01,3.957822918891906738e-01,5.666786432266235352e-01,4.661995768547058105e-01,5.673930048942565918e-01
3.945149183273315430e-01,3.414500057697296143e-01,6.856617927551269531e-01,4.889777302742004395e-01,4.936217367649078369e-01,4.805939197540283203e-01,6.483187079429626465e-01,4.899908900260925293e-01,4.249172508716583252e-01,4.567902386188507080e-01,3.463141620159149170e-01,5.641958713531494141e-01,4.299820065498352051e-01,3.902925848960876465e-01,3.588321208953857422e-01,4.824498295783996582e-01,4.685898423194885254e-01,2.457197308540344238e-01,6.157402992248535156e-01,6.542652249336242676e-01,8.050339818000793457e-01,5.521194934844970703e-01,4.775777161121368408e-01,4.758497476577758789e-01,5.489758253097534180e-01,4.269740581512451172e-01,3.909103274345397949e-01,5.742434263229370117e-01,4.707642495632171631e-01,5.675346851348876953e-01
3.957644104957580566e-01,3.252779245376586914e-01,6.746529936790466309e-01,4.722963571548461914e-01,4.878031015396118164e-01,4.746592640876770020e-01,6.707004308700561523e-01,4.868808686733245850e-01,4.366076290607452393e-01,4.615963101387023926e-01,2.591059207916259766e-01,5.672730207443237305e-01,4.046905636787414551e-01,3.516910672187805176e-01,3.862488269805908203e-01,4.192340970039367676e-01,4.244759678840637207e-01,2.440147399902343750e-01,7.581276297569274902e-01,4.896602630615234375e-01,1.000000000000000000e+00,5.694844126701354980e-01,4.003943204879760742e-01,4.868286848068237305e-01,5.509132146835327148e-01,4.225238561630249023e-01,3.930934071540832520e-01,5.816360116004943848e-01,4.754800796508789062e-01,5.665399432182312012e-01
3.947249650955200195e-01,3.194956183433532715e-01,6.542238593101501465e-01,4.722520112991333008e-01,4.752325117588043213e-01,4.692738354206085205e-01,6.490762233734130859e-01,5.066684484481811523e-01,5.599326491355895996e-01,4.759746789932250977e-01,4.451920688152313232e-01,5.709744691848754883e-01,3.643772900104522705e-01,3.705367445945739746e-01,4.087654650211334229e-01,4.210626780986785889e-01,4.548292756080627441e-01,2.392730414867401123e-01,7.475922703742980957e-01,5.103372931480407715e-01,9.696043133735656738e-01,5.563854575157165527e-01,4.466337263584136963e-01,4.831874966621398926e-01,5.457959175109863281e-01,4.123958647251129150e-01,3.815969526767730713e-01,5.984107851982116699e-01,4.796701371669769287e-01,5.622273087501525879e-01
3.807963728904724121e-01,3.176579773426055908e-01,7.123389244079589844e-01,4.729146361351013184e-01,4.821196496486663818e-01,4.667808413505554199e-01,6.195446252822875977e-01,5.183677673339843750e-01,6.807291507720947266e-01,4.858552515506744385e-01,7.435395121574401855e-01,5.790925025939941406e-01,3.833735585212707520e-01,4.213668406009674072e-01,4.349972307682037354e-01,5.300211906433105469e-01,5.511746406555175781e-01,2.147167921066284180e-01,7.978202700614929199e-01,5.265862941741943359e-01,9.066241979598999023e-01,5.444764494895935059e-01,5.244817137718200684e-01,4.870412945747375488e-01,5.348821878433227539e-01,4.185532033443450928e-01,3.448669016361236572e-01,6.178900599479675293e-01,4.850566983222961426e-01,5.552947521209716797e-01
4.370458722114562988e-01,3.047967851161956787e-01,7.756507992744445801e-01,4.521309435367584229e-01,4.776928722858428955e-01,4.550102055072784424e-01,6.074317097663879395e-01,5.077409148216247559e-01,6.869640946388244629e-01,4.834401011466979980e-01,7.619587182998657227e-01,5.773377418518066406e-01,4.214222729206085205e-01,4.247106015682220459e-01,4.442207515239715576e-01,5.716359615325927734e-01,5.562854409217834473e-01,2.095737308263778687e-01,8.612864017486572266e-01,5.699964165687561035e-01,8.212278485298156738e-01,5.523742437362670898e-01,5.910665988922119141e-01,4.885524809360504150e-01,5.447648167610168457e-01,3.897933661937713623e-01,3.782044649124145508e-01,6.399973034858703613e-01,4.602433741092681885e-01,5.406400561332702637e-01
4.382255971431732178e-01,3.078653514385223389e-01,7.669034600257873535e-01,4.541418552398681641e-01,4.783203899860382080e-01,4.526689946651458740e-01,5.820866823196411133e-01,4.733025431632995605e-01,6.719790697097778320e-01,4.463109672069549561e-01,8.025149703025817871e-01,5.643918514251708984e-01,4.567335546016693115e-01,3.959051370620727539e-01,4.468929171562194824e-01,5.487060546875000000e-01,4.950831234455108643e-01,2.197772711515426636e-01,9.236761927604675293e-01,6.015003919601440430e-01,7.140005826950073242e-01,5.580824613571166992e-01,6.124534606933593750e-01,4.906012713909149170e-01,5.556361079216003418e-01,3.786427974700927734e-01,4.112104773521423340e-01,6.575387120246887207e-01,4.493294358253479004e-01,5.272428393363952637e-01
3.836230039596557617e-01,3.610921204090118408e-01,6.722294688224792480e-01,5.031872987747192383e-01,4.965281784534454346e-01,4.620847404003143311e-01,5.346240997314453125e-01,4.452051818370819092e-01,7.373758554458618164e-01,4.085401892662048340e-01,9.720351099967956543e-01,5.724765062332153320e-01,4.678621590137481689e-01,3.399311900138854980e-01,4.492641687393188477e-01,5.178850293159484863e-01,4.665851891040802002e-01,2.377149313688278198e-01,9.854980707168579102e-01,6.466020345687866211e-01,5.999194383621215820e-01,5.664182901382446289e-01,6.332779526710510254e-01,4.907019436359405518e-01,5.520887374877929688e-01,4.028017222881317139e-01,4.057714343070983887e-01,6.765156388282775879e-01,4.797656238079071045e-01,5.119456648826599121e-01
4.113759994506835938e-01,3.506333827972412109e-01,6.305034160614013672e-01,5.271857380867004395e-01,5.032331347465515137e-01,4.688127934932708740e-01,5.513251423835754395e-01,4.044009745121002197e-01,6.195073127746582031e-01,3.548597991466522217e-01,9.309696555137634277e-01,5.306525826454162598e-01,4.225482046604156494e-01,2.268765866756439209e-01,4.367795586585998535e-01,4.705179631710052490e-01,5.063760280609130859e-01,2.616659402847290039e-01,8.202783465385437012e-01,6.541085243225097656e-01,5.931549072265625000e-01,5.805038809776306152e-01,6.552376151084899902e-01,4.928319752216339111e-01,5.322813987731933594e-01,4.275794923305511475e-01,3.988311886787414551e-01,7.039045095443725586e-01,5.107332468032836914e-01,4.800519645214080811e-01
4.170722961425781250e-01,3.439032435417175293e-01,6.264867782592773438e-01,5.323262810707092285e-01,5.042166113853454590e-01,4.721600711345672607e-01,5.980304479598999023e-01,3.660267591476440430e-01,4.555985927581787109e-01,3.158942461013793945e-01,7.879967093467712402e-01,4.604870975017547607e-01,3.913003504276275635e-01,1.636523455381393433e-01,4.373466968536376953e-01,4.092165827751159668e-01,5.140828490257263184e-01,2.316687256097793579e-01,6.480405926704406738e-01,6.240757703781127930e-01,7.558084130287170410e-01,5.798211097717285156e-01,5.883919596672058105e-01,4.961165189743041992e-01,5.192878246307373047e-01,4.254904389381408691e-01,3.991586267948150635e-01,7.142863273620605469e-01,5.207021236419677734e-01,4.605916738510131836e-01
3.861701488494873047e-01,3.284402489662170410e-01,6.371830105781555176e-01,5.294643044471740723e-01,5.231303572654724121e-01,4.757488369941711426e-01,5.718918442726135254e-01,4.089515805244445801e-01,5.478456020355224609e-01,3.554968833923339844e-01,8.148328065872192383e-01,4.816951155662536621e-01,3.604800105094909668e-01,1.132006347179412842e-01,4.404587745666503906e-01,3.870617151260375977e-01,5.494294166564941406e-01,2.051242291927337646e-01,6.944962739944458008e-01,6.193880438804626465e-01,9.364672899246215820e-01,5.878471136093139648e-01,4.111830592155456543e-01,5.039777159690856934e-01,5.197790861129760742e-01,4.309754371643066406e-01,3.803279101848602295e-01,7.152600884437561035e-01,5.203799605369567871e-01,4.521509110927581787e-01
3.961776793003082275e-01,3.295885324478149414e-01,6.398361921310424805e-01,5.117555856704711914e-01,5.371071696281433105e-01,4.711259305477142334e-01,5.367283225059509277e-01,4.678329229354858398e-01,4.869996309280395508e-01,3.473055660724639893e-01,8.349182605743408203e-01,4.830130636692047119e-01,2.688184976577758789e-01,5.774317309260368347e-02,5.125440359115600586e-01,4.019310474395751953e-01,7.245832681655883789e-01,1.459736973047256470e-01,8.250754475593566895e-01,5.890740752220153809e-01,9.614742398262023926e-01,5.860732793807983398e-01,3.513434529304504395e-01,5.226069688796997070e-01,5.009083747863769531e-01,4.697380363941192627e-01,3.004412055015563965e-01,7.320576906204223633e-01,5.086171627044677734e-01,4.248075485229492188e-01
3.958360552787780762e-01,3.280963301658630371e-01,6.581619977951049805e-01,4.806235730648040771e-01,5.308577418327331543e-01,4.633102118968963623e-01,5.985769033432006836e-01,3.831537067890167236e-01,4.929918944835662842e-01,3.405184149742126465e-01,8.220597505569458008e-01,4.595004320144653320e-01,3.550107777118682861e-01,9.233540296554565430e-02,4.480670392513275146e-01,4.288930892944335938e-01,6.061857342720031738e-01,1.880751848220825195e-01,1.000000000000000000e+00,6.629235744476318359e-01,8.090680837631225586e-01,5.837729573249816895e-01,3.810507357120513916e-01,5.307978987693786621e-01,5.181585550308227539e-01,4.554339349269866943e-01,3.296517729759216309e-01,7.484544515609741211e-01,4.669414460659027100e-01,3.969700038433074951e-01
3.265320360660552979e-01,3.193037211894989014e-01,7.301555871963500977e-01,4.639301598072052002e-01,5.222151875495910645e-01,4.626518189907073975e-01,5.941701531410217285e-01,3.746183216571807861e-01,4.373386204242706299e-01,3.155176043510437012e-01,8.706519603729248047e-01,4.627606570720672607e-01,5.775414705276489258e-01,1.969052702188491821e-01,2.607043683528900146e-01,4.471447765827178955e-01,2.341399788856506348e-01,3.233377933502197266e-01,9.371398091316223145e-01,7.087230086326599121e-01,7.384106516838073730e-01,6.078397035598754883e-01,4.805110096931457520e-01,5.384557843208312988e-01,3.640531003475189209e-01,4.521724581718444824e-01,5.751065611839294434e-01,7.535049319267272949e-01,5.628934502601623535e-01,4.387893080711364746e-01
3.319153189659118652e-01,3.098637461662292480e-01,7.406780123710632324e-01,4.632791280746459961e-01,5.101264119148254395e-01,4.603967666625976562e-01,5.942459702491760254e-01,3.637598156929016113e-01,4.042003154754638672e-01,3.090241849422454834e-01,8.783990144729614258e-01,4.619142413139343262e-01,5.403373837471008301e-01,2.034427821636199951e-01,2.911842465400695801e-01,4.511064887046813965e-01,2.928219139575958252e-01,3.070846199989318848e-01,9.820692539215087891e-01,6.723954081535339355e-01,7.938556075096130371e-01,5.980529189109802246e-01,4.929089546203613281e-01,5.606658458709716797e-01,7.932436466217041016e-02,4.590795338153839111e-01,9.038319587707519531e-01,7.485308647155761719e-01,7.147597074508666992e-01,5.116143822669982910e-01
3.645539283752441406e-01,2.997901141643524170e-01,7.361425161361694336e-01,4.585553109645843506e-01,4.991804659366607666e-01,4.556259214878082275e-01,5.836105942726135254e-01,3.596992492675781250e-01,3.775105774402618408e-01,3.178541362285614014e-01,8.846355676651000977e-01,4.591633379459381104e-01,5.844905972480773926e-01,2.342154979705810547e-01,2.770738303661346436e-01,4.504934251308441162e-01,2.170022726058959961e-01,3.224416375160217285e-01,1.000000000000000000e+00,7.117171287536621094e-01,6.351011395454406738e-01,6.124619841575622559e-01,4.293762445449829102e-01,5.414084792137145996e-01,0.000000000000000000e+00,4.760070145130157471e-01,1.000000000000000000e+00,7.441036701202392578e-01,7.971583008766174316e-01,5.492554903030395508e-01
3.799920380115509033e-01,2.994435131549835205e-01,7.291194796562194824e-01,4.600607752799987793e-01,4.880030751228332520e-01,4.545257091522216797e-01,5.878099799156188965e-01,3.638641536235809326e-01,3.294246196746826172e-01,3.414198160171508789e-01,8.967643976211547852e-01,4.561647176742553711e-01,5.820819139480590820e-01,2.666276395320892334e-01,3.070887327194213867e-01,4.637178778648376465e-01,1.948567926883697510e-01,3.844312429428100586e-01,9.086531400680541992e-01,6.666506528854370117e-01,7.031255960464477539e-01,6.259567737579345703e-01,4.816915690898895264e-01,5.686764121055603027e-01,1.838606446981430054e-01,4.687763750553131104e-01,7.234449386596679688e-01,7.443892955780029297e-01,6.468223333358764648e-01,4.804308116436004639e-01
3.498247563838958740e-01,3.185645043849945068e-01,7.148535251617431641e-01,4.907992184162139893e-01,4.753134846687316895e-01,4.646016955375671387e-01,6.123312115669250488e-01,3.652809858322143555e-01,3.101979196071624756e-01,3.859789073467254639e-01,8.883357644081115723e-01,4.546655714511871338e-01,5.097135305404663086e-01,2.421918064355850220e-01,3.524464964866638184e-01,4.792256951332092285e-01,3.054959774017333984e-01,4.089230298995971680e-01,7.236443758010864258e-01,4.835900068283081055e-01,1.000000000000000000e+00,6.225075721740722656e-01,7.206839323043823242e-01,6.994666457176208496e-01,5.443887114524841309e-01,4.148641824722290039e-01,2.519533336162567139e-01,6.912389397621154785e-01,1.200466528534889221e-01,2.907171249389648438e-01
3.109326064586639404e-01,3.026245236396789551e-01,7.392394542694091797e-01,5.642035007476806641e-01,4.969042539596557617e-01,4.787202775478363037e-01,6.325647234916687012e-01,3.684535622596740723e-01,3.049312829971313477e-01,4.186160266399383545e-01,8.783580064773559570e-01,4.542829692363739014e-01,4.961244165897369385e-01,2.303707599639892578e-01,3.617426753044128418e-01,4.504563510417938232e-01,3.352045118808746338e-01,4.159523248672485352e-01,1.000000000000000000e+00,4.707565903663635254e-01,1.000000000000000000e+00,5.818293094635009766e-01,6.351093649864196777e-01,6.610774397850036621e-01,5.306150317192077637e-01,4.194884300231933594e-01,3.411468267440795898e-01,7.035382986068725586e-01,9.737600386142730713e-02,2.969920635223388672e-01
3.078998327255249023e-01,3.187754154205322266e-01,6.916119456291198730e-01,5.884004831314086914e-01,5.010308027267456055e-01,4.910610318183898926e-01,6.374607086181640625e-01,3.701286911964416504e-01,3.036088645458221436e-01,4.439769685268402100e-01,8.757028579711914062e-01,4.560094773769378662e-01,2.015066444873809814e-01,8.831730484962463379e-02,5.451939702033996582e-01,3.086874783039093018e-01,4.803964495658874512e-01,5.077534914016723633e-01,8.073160648345947266e-01,6.466676592826843262e-01,9.655025005340576172e-01,6.395589709281921387e-01,5.279689431190490723e-01,6.312946081161499023e-01,5.015894770622253418e-01,4.110889732837677002e-01,3.734868466854095459e-01,6.930446624755859375e-01,1.089526712894439697e-02,2.901241481304168701e-01
3.592852354049682617e-01,3.625474274158477783e-01,5.475342273712158203e-01,6.655224561691284180e-01,5.278310179710388184e-01,5.079805254936218262e-01,6.252970695495605469e-01,3.617578446865081787e-01,3.098571896553039551e-01,4.847013652324676514e-01,8.776372671127319336e-01,4.615614414215087891e-01,2.520719766616821289e-01,6.794549524784088135e-02,4.586731791496276855e-01,3.165739774703979492e-01,5.096231102943420410e-01,4.239611029624938965e-01,1.000000000000000000e+00,7.179388403892517090e-01,7.221043705940246582e-01,6.283088326454162598e-01,5.801221132278442383e-01,6.353105902671813965e-01,4.888711273670196533e-01,4.047157466411590576e-01,3.775304257869720459e-01,6.816640496253967285e-01,0.000000000000000000e+00,2.853464782238006592e-01
4.212386310100555420e-01,3.289116621017456055e-01,4.927609860897064209e-01,6.975019574165344238e-01,5.513678789138793945e-01,5.177386999130249023e-01,5.997549295425415039e-01,3.379753530025482178e-01,3.230979144573211670e-01,5.481495857238769531e-01,8.812714219093322754e-01,4.705890715122222900e-01,1.920572519302368164e-01,2.169257402420043945e-02,4.968991279602050781e-01,2.661939859390258789e-01,5.292852520942687988e-01,4.352068603038787842e-01,1.000000000000000000e+00,8.140062093734741211e-01,5.556864142417907715e-01,5.906354784965515137e-01,4.293547868728637695e-01,6.318880915641784668e-01,4.755621254444122314e-01,4.032738208770751953e-01,3.866695463657379150e-01,6.776108741760253906e-01,0.000000000000000000e+00,2.811841964721679688e-01
3.659156858921051025e-01,3.318886756896972656e-01,6.051169037818908691e-01,6.302052140235900879e-01,5.459336638450622559e-01,5.332605242729187012e-01,5.913749337196350098e-01,3.089437484741210938e-01,3.216608166694641113e-01,5.661294460296630859e-01,8.831042051315307617e-01,4.725014567375183105e-01,3.671795725822448730e-01,1.619507968425750732e-01,6.570155024528503418e-01,3.889282643795013428e-01,1.008855327963829041e-01,5.946863889694213867e-01,1.000000000000000000e+00,8.638853430747985840e-01,6.038171052932739258e-01,6.125205159187316895e-01,3.858581483364105225e-01,6.348058581352233887e-01,4.695625901222229004e-01,4.151505529880523682e-01,3.788097500801086426e-01,6.735364198684692383e-01,0.000000000000000000e+00,2.798784971237182617e-01
2.652912139892578125e-01,3.337057828903198242e-01,7.672285437583923340e-01,5.993505120277404785e-01,5.593729615211486816e-01,5.304218530654907227e-01,5.762205123901367188e-01,2.909112274646759033e-01,3.288557231426239014e-01,5.761843919754028320e-01,8.728560805320739746e-01,4.746972024440765381e-01,2.234668433666229248e-01,1.847917586565017700e-01,5.935133099555969238e-01,3.543217778205871582e-01,3.446766436100006104e-01,4.625737965106964111e-01,8.285510540008544922e-01,7.054597735404968262e-01,7.967360019683837891e-01,6.894680261611938477e-01,7.829720973968505859e-01,6.351619958877563477e-01,4.797298014163970947e-01,4.262017309665679932e-01,3.566934466361999512e-01,6.702862977981567383e-01,0.000000000000000000e+00,2.814062833786010742e-01
1.915895491838455200e-01,3.389313220977783203e-01,9.092674851417541504e-01,6.235156059265136719e-01,5.877657532691955566e-01,5.233338475227355957e-01,5.201939940452575684e-01,3.009432256221771240e-01,3.544094860553741455e-01,6.287021636962890625e-01,8.517041802406311035e-01,4.893320202827453613e-01,2.874690592288970947e-01,1.012802198529243469e-01,5.514486432075500488e-01,3.608576357364654541e-01,3.277090787887573242e-01,5.099512934684753418e-01,8.701861500740051270e-01,7.090365290641784668e-01,8.177290558815002441e-01,6.914010643959045410e-01,7.703512310981750488e-01,6.325386166572570801e-01,5.122803449630737305e-01,4.343589246273040771e-01,3.083617687225341797e-01,6.651947498321533203e-01,0.000000000000000000e+00,2.803566157817840576e-01
2.185363918542861938e-01,3.297510445117950439e-01,7.949770689010620117e-01,5.935625433921813965e-01,5.679389238357543945e-01,5.278143286705017090e-01,3.544532358646392822e-01,3.665075302124023438e-01,2.409272640943527222e-01,7.884466052055358887e-01,9.106317162513732910e-01,5.570659637451171875e-01,3.658396303653717041e-01,7.692514359951019287e-02,5.554355978965759277e-01,3.459766507148742676e-01,3.404747545719146729e-01,6.158302426338195801e-01,1.000000000000000000e+00,7.546052336692810059e-01,8.170040249824523926e-01,5.834253430366516113e-01,5.183815956115722656e-01,6.658599376678466797e-01,5.870176553726196289e-01,4.636663794517517090e-01,2.178805023431777954e-01,6.385169029235839844e-01,0.000000000000000000e+00,2.710783779621124268e-01
