-4.636141238734126091e-05,2.016545977312489413e-06,9.184713417198508978e-05,1.029469494824297726e-04,1.541220967737899628e-06,-1.618774549569934607e-04,7.548204303020611405e-05,-1.640466393837414216e-06,4.114506373298354447e-05,-2.147518898709677160e-05,-3.767618909478187561e-05,-1.492646333645097911e-05,5.603874524240382016e-05,5.947497629676945508e-05,-1.162122134701348841e-05,-9.925483936967793852e-06,-2.934556505351793021e-05,-1.075016771210357547e-04,5.259323006612248719e-05,1.294492540182545781e-04,0.000000000000000000e+00,5.314761801855638623e-05,-4.914574674330651760e-05,1.132552370108896866e-05,-2.662735028025053907e-07,-2.238102169940248132e-04,2.267575473524630070e-04,9.017052798299118876e-05,-2.052765630651265383e-04,-3.475170888123102486e-05
-1.685351526248268783e-05,-1.011766812553105410e-06,1.187759262393228710e-04,2.698540047276765108e-04,8.771631109993904829e-05,4.487058322411030531e-04,-2.752375621639657766e-05,-3.159262269036844373e-05,-1.761969360813964158e-05,-1.198533354909159243e-04,5.441829562187194824e-04,-2.249283279525116086e-04,3.759323444683104753e-04,1.011133936117403209e-04,-2.603097818791866302e-04,-2.125313767464831471e-04,-6.778006209060549736e-04,-7.283756531251128763e-06,1.735986152198165655e-04,-3.248073335271328688e-04,0.000000000000000000e+00,3.658679779618978500e-04,6.268806755542755127e-04,-1.309114577452419326e-05,1.148005831055343151e-03,-9.464822360314428806e-04,9.422814473509788513e-04,2.863940899260342121e-04,-5.055323708802461624e-04,-2.355260512558743358e-04
4.922381049254909158e-05,-1.565341226523742080e-04,-1.145130299846641719e-04,2.390557929174974561e-04,2.423383557470515370e-04,1.051344210281968117e-03,-5.090538761578500271e-04,1.310547813773155212e-04,-1.113069738494232297e-04,-3.855038958135992289e-04,8.712745038792490959e-04,-4.495204775594174862e-04,4.589771560858935118e-04,3.110507095698267221e-04,-8.070815820246934891e-04,-9.800737025216221809e-04,-1.036787405610084534e-03,5.595799884758889675e-04,3.513003757689148188e-04,-7.015469018369913101e-04,1.831615372793748975e-04,7.391153485514223576e-04,3.747290247702039778e-05,3.729823947651311755e-05,3.765795612707734108e-03,-2.393213566392660141e-03,2.013669349253177643e-03,5.313891451805830002e-04,-2.142546436516568065e-04,3.831348149105906487e-04
3.187733236700296402e-04,-5.416989442892372608e-04,-7.280705613084137440e-04,4.979879595339298248e-04,1.053500382113270462e-04,3.644622396677732468e-03,-1.585670746862888336e-03,4.166514263488352299e-04,1.482855062931776047e-03,-1.185299712233245373e-03,1.943241804838180542e-03,-2.259893342852592468e-03,7.358428556472063065e-04,7.100936491042375565e-04,-2.836402505636215210e-03,-1.549162436276674271e-03,-3.400496905669569969e-03,5.478641469380818307e-05,3.085543867200613022e-04,-1.029456849209964275e-03,-2.296449674759060144e-04,2.039911458268761635e-03,7.999836816452443600e-04,-3.073852858506143093e-04,8.298200555145740509e-03,-3.406960749998688698e-03,4.428818821907043457e-03,8.385694236494600773e-04,1.344020827673375607e-03,2.708442974835634232e-03
3.054101543966680765e-04,-5.137441912665963173e-04,-2.445722231641411781e-03,2.647868590429425240e-03,-4.157177463639527559e-04,2.284777583554387093e-03,-3.324838588014245033e-03,1.081836177036166191e-03,2.525107469409704208e-03,-1.611363957636058331e-03,9.410680504515767097e-04,-5.262262653559446335e-03,-3.437632694840431213e-04,2.030085073783993721e-03,-2.553028520196676254e-03,-1.781382947228848934e-03,-1.990892225876450539e-03,-3.133780788630247116e-03,1.269207714358344674e-04,6.428525375667959452e-05,-2.460561227053403854e-03,2.681650687009096146e-03,8.498111856169998646e-04,-1.347257057204842567e-03,1.366521604359149933e-02,-5.819316022098064423e-03,6.234480999410152435e-03,1.615933259017765522e-03,2.171361120417714119e-03,5.400306545197963715e-03
-8.750990673433989286e-06,-2.349732531001791358e-04,-4.199172253720462322e-04,4.123863764107227325e-03,5.340526695363223553e-04,9.222545777447521687e-04,-2.969081513583660126e-03,2.195148495957255363e-03,5.581041332334280014e-03,-2.364555606618523598e-03,-2.487675810698419809e-04,-6.623690947890281677e-03,-1.141046639531850815e-03,2.857866697013378143e-03,5.517251323908567429e-03,3.470300696790218353e-03,1.247191103175282478e-03,-7.527002133429050446e-03,-2.118084230460226536e-04,1.722756540402770042e-03,-5.495723336935043335e-03,3.939980641007423401e-03,-1.551655121147632599e-03,-3.059268696233630180e-03,1.961021311581134796e-02,-4.250778816640377045e-03,4.729521926492452621e-03,1.993450568988919258e-03,-1.228731853188946843e-04,4.423636477440595627e-03
-1.150084543041884899e-03,6.321515684248879552e-06,6.776867900043725967e-03,3.696909407153725624e-03,3.220750018954277039e-03,-5.733072292059659958e-03,-3.351742401719093323e-03,2.549517666921019554e-03,6.895464379340410233e-03,-5.118224304169416428e-03,-7.587629836052656174e-03,-4.450630396604537964e-03,7.739732391200959682e-04,2.929567417595535517e-04,1.881890185177326202e-02,1.574070565402507782e-02,1.109940838068723679e-02,-5.714901722967624664e-03,-4.746704362332820892e-04,2.218385925516486168e-03,-2.356779295951128006e-03,-7.332574459724128246e-04,-3.950779791921377182e-03,-4.723347257822751999e-03,1.848505437374114990e-02,-3.996012266725301743e-03,-2.094628522172570229e-03,2.622612286359071732e-03,-9.064581245183944702e-03,-2.826618030667304993e-03
-1.001443015411496162e-04,-9.530528332106769085e-04,1.051754411309957504e-02,-3.945044241845607758e-03,2.454099711030721664e-03,-6.565350107848644257e-03,-3.824138082563877106e-03,2.277141204103827477e-03,7.890651933848857880e-03,-7.868433371186256409e-03,-1.391467638313770294e-02,-1.543150574434548616e-04,1.326625002548098564e-03,-8.635572157800197601e-03,3.569215908646583557e-02,2.167644165456295013e-02,1.892842166125774384e-02,2.332767937332391739e-03,-1.204761792905628681e-04,-6.163216661661863327e-03,4.963226150721311569e-03,-7.624249905347824097e-03,-2.236173488199710846e-03,-2.453764900565147400e-03,2.496870979666709900e-02,-6.333596538752317429e-03,-5.412633530795574188e-03,2.909782342612743378e-03,-1.453915704041719437e-02,-6.818901281803846359e-03
1.590701052919030190e-03,-8.738353499211370945e-04,7.152614183723926544e-03,-8.899240754544734955e-03,1.216973410919308662e-03,-1.189538161270320415e-03,1.078417641110718250e-03,6.513315252959728241e-03,4.652880597859621048e-03,-1.034309994429349899e-02,-9.228191338479518890e-03,6.324651651084423065e-03,-3.348435740917921066e-03,-2.856515347957611084e-03,3.177834674715995789e-02,8.102352730929851532e-03,1.731618307530879974e-02,7.763018831610679626e-03,1.522278180345892906e-03,-1.246684417128562927e-02,1.367622148245573044e-02,-1.955835334956645966e-02,6.056397614884190261e-05,1.139630004763603210e-02,1.531605701893568039e-02,-9.696297347545623779e-03,-3.170017385855317116e-03,1.737832557410001755e-03,-1.086916774511337280e-02,-3.662276081740856171e-03
1.122071873396635056e-03,-9.556783479638397694e-04,-3.506570588797330856e-03,-3.322473028674721718e-03,-5.787964910268783569e-03,2.852166071534156799e-03,1.932271989062428474e-03,7.051660213619470596e-03,5.962518975138664246e-03,-4.222874995321035385e-03,2.537483349442481995e-03,5.139314103871583939e-03,-3.344400553032755852e-03,-5.232697352766990662e-03,1.195980235934257507e-03,-1.631259731948375702e-02,-2.196202054619789124e-02,4.763636272400617599e-03,1.322837779298424721e-03,-1.587067148648202419e-03,9.308994747698307037e-03,-1.691768504679203033e-02,9.186313836835324764e-04,2.071319520473480225e-02,2.222641184926033020e-02,-1.317504607141017914e-02,9.075389243662357330e-03,1.913618296384811401e-03,-2.991468645632266998e-03,1.612722990103065968e-03
1.540167024359107018e-03,1.124505070038139820e-03,-1.165294460952281952e-02,9.567598812282085419e-03,-9.339793585240840912e-03,6.783087737858295441e-03,6.351687479764223099e-03,1.369724399410188198e-03,7.841887883841991425e-03,4.342725500464439392e-03,1.796378009021282196e-02,-1.263346523046493530e-03,1.698704669252038002e-03,-2.586121298372745514e-02,-3.627983480691909790e-02,-2.060133032500743866e-02,-3.867465257644653320e-02,-4.589139018207788467e-03,-7.551641901955008507e-04,9.777397848665714264e-03,-6.119800731539726257e-03,-1.049818121828138828e-03,1.429104013368487358e-03,-1.289639621973037720e-03,3.857608884572982788e-03,-1.302528567612171173e-02,2.161657623946666718e-02,1.298402494285255671e-04,7.332515437155961990e-03,7.343776058405637741e-03
4.836469888687133789e-03,3.192775882780551910e-03,-5.453384015709161758e-03,1.828717812895774841e-02,-3.691023914143443108e-03,4.301979672163724899e-03,2.392187481746077538e-03,-1.126001123338937759e-03,7.541164290159940720e-03,1.641951873898506165e-02,1.788761653006076813e-02,-4.678351688198745251e-04,5.300214048475027084e-03,-2.258192747831344604e-02,-3.803573921322822571e-02,-7.192268967628479004e-03,-3.447050228714942932e-02,-8.135584183037281036e-03,-1.650112215429544449e-03,6.261187139898538589e-03,-1.178539171814918518e-02,1.184676960110664368e-02,-5.297498428262770176e-04,-2.948081493377685547e-02,9.307811968028545380e-03,-6.884592119604349136e-03,2.260352484881877899e-02,8.034166530705988407e-04,7.869174703955650330e-03,1.034757588058710098e-02
3.979549743235111237e-03,1.658835564740002155e-03,7.150183664634823799e-04,1.259048189967870712e-02,-8.504831930622458458e-04,4.353398922830820084e-03,-3.941028844565153122e-03,-2.743321005254983902e-03,5.873152986168861389e-03,2.974056638777256012e-02,5.532620474696159363e-03,-3.473871853202581406e-03,6.564168259501457214e-03,6.982590071856975555e-03,-6.352399941533803940e-03,5.252387374639511108e-03,-3.744601830840110779e-02,-1.430989243090152740e-02,-1.654534018598496914e-03,4.455115646123886108e-03,-9.583779610693454742e-03,1.249629352241754532e-02,2.082252874970436096e-03,-2.768054418265819550e-02,2.660871297121047974e-02,-6.645423825830221176e-03,1.088801864534616470e-02,1.608242630027234554e-03,6.541016045957803726e-03,1.335111632943153381e-02
-2.009594580158591270e-03,-3.650901198852807283e-04,3.294484922662377357e-03,-5.492260213941335678e-03,4.987798165529966354e-03,4.852975718677043915e-03,-8.310309611260890961e-03,1.347574143437668681e-04,7.893003523349761963e-03,2.014791406691074371e-02,-1.100057642906904221e-02,-2.443329663947224617e-03,7.345168385654687881e-03,3.228889405727386475e-02,3.064771927893161774e-02,2.156988339265808463e-04,-4.057702142745256424e-03,-8.839432150125503540e-03,1.277324045076966286e-03,-2.038378268480300903e-03,1.473677111789584160e-03,1.290308497846126556e-02,4.308623261749744415e-03,-3.532410832121968269e-03,4.689989984035491943e-02,-8.888153359293937683e-03,1.068194396793842316e-02,4.541872069239616394e-03,8.049764670431613922e-03,5.683698225766420364e-03
-9.113875217735767365e-03,-2.532176440581679344e-03,5.806097760796546936e-03,-1.705507002770900726e-02,1.445415895432233810e-03,5.910492967814207077e-03,-7.040326483547687531e-03,2.619126345962285995e-03,2.303072623908519745e-02,-1.086826156824827194e-02,-1.138376630842685699e-02,-3.091482678428292274e-03,3.699273336678743362e-03,2.895738184452056885e-02,6.279183435253798962e-04,-2.416129969060420990e-02,3.884466364979743958e-02,7.427569944411516190e-04,8.804823155514895916e-04,-2.295047044754028320e-02,-9.953054832294583321e-04,1.264124736189842224e-02,-3.255731135141104460e-04,1.202052179723978043e-02,4.321959242224693298e-02,-1.268105115741491318e-02,1.279003266245126724e-02,7.580798584967851639e-03,4.489606246352195740e-03,-8.440917357802391052e-03
-6.724471226334571838e-03,-3.553472692146897316e-03,3.944418393075466156e-03,-1.936076767742633820e-02,-9.057428105734288692e-04,1.032872474752366543e-03,-5.620535928755998611e-03,6.981361657381057739e-03,1.448656618595123291e-02,-2.198081463575363159e-02,-1.067109499126672745e-02,-2.779613016173243523e-03,-2.960030222311615944e-03,8.046085014939308167e-03,-1.484642643481492996e-02,-1.255296822637319565e-02,3.915414586663246155e-02,2.242311602458357811e-03,3.008692525327205658e-03,-2.997392602264881134e-02,1.373392646200954914e-03,2.466435078531503677e-03,-7.916744798421859741e-03,1.828407496213912964e-02,2.782579511404037476e-02,-1.470583584159612656e-02,1.988496258854866028e-02,7.601079996675252914e-03,7.159013301134109497e-03,-1.636878773570060730e-02
1.972300466150045395e-03,-1.350209116935729980e-03,-2.491442253813147545e-03,-3.388727083802223206e-03,-4.849369579460471869e-04,-1.764641259796917439e-03,-8.056616410613059998e-03,6.186121143400669098e-03,1.136560272425413132e-02,-1.953011192381381989e-02,-9.376064874231815338e-03,-2.846324787242338061e-05,-5.572844762355089188e-03,-1.282491255551576614e-02,-1.119772437959909439e-02,8.294400759041309357e-03,3.370229154825210571e-02,4.894080106168985367e-03,4.408784210681915283e-03,-1.110388152301311493e-02,-1.460351631976664066e-03,-4.208312835544347763e-03,-5.455003585666418076e-03,1.410622615367174149e-02,7.270028349012136459e-03,-1.165166497230529785e-02,1.411049161106348038e-02,2.767831319943070412e-03,-1.803724095225334167e-03,-1.859317161142826080e-02
5.277541466057300568e-03,4.386915243230760098e-04,-8.424974046647548676e-03,1.026590913534164429e-02,3.667589277029037476e-03,-5.404111929237842560e-03,-3.793128766119480133e-03,9.640706120990216732e-04,8.837770670652389526e-03,-9.867510758340358734e-03,-6.013263373461086303e-06,-4.542226903140544891e-03,-2.989159838762134314e-04,-1.334747113287448883e-02,-2.694428153336048126e-02,2.232471294701099396e-02,1.500289514660835266e-02,-1.973063452169299126e-03,4.426967818289995193e-03,1.507895905524492264e-02,-1.147267990745604038e-03,-2.768434584140777588e-03,-6.272290833294391632e-03,5.815814714878797531e-03,5.370013881474733353e-03,-1.025209948420524597e-02,5.984199233353137970e-03,-2.461978001520037651e-03,-1.167896669358015060e-02,-1.601073145866394043e-02
-9.527042857371270657e-04,1.874188543297350407e-03,-4.465850070118904114e-03,1.958269253373146057e-02,3.925644326955080032e-03,-1.300384756177663803e-02,2.880040323361754417e-03,-6.087674293667078018e-03,1.063370518386363983e-02,-3.760122228413820267e-03,1.646874658763408661e-02,-7.352777174673974514e-04,1.024116063490509987e-03,-8.542887866497039795e-03,-2.005804143846035004e-02,4.272533208131790161e-02,-1.234086509793996811e-02,-6.472325883805751801e-03,1.289756619371473789e-03,2.551021054387092590e-02,-1.026440644636750221e-03,-3.594692796468734741e-03,3.526016371324658394e-03,3.862980520352721214e-03,1.480387337505817413e-02,-6.803532596677541733e-03,-2.779958769679069519e-03,-4.489462357014417648e-03,-1.569514907896518707e-02,-2.906637731939554214e-03
-1.109456457197666168e-02,2.240779343992471695e-03,1.089227851480245590e-02,1.380093954503536224e-02,9.838043479248881340e-04,-3.541378304362297058e-03,-2.679374883882701397e-04,-9.379632771015167236e-03,7.634811103343963623e-03,-1.356566604226827621e-02,2.197222225368022919e-02,-2.203212585300207138e-03,-4.167566541582345963e-03,-1.517455745488405228e-02,6.227779760956764221e-02,-2.655118005350232124e-03,-4.751715809106826782e-02,-1.282835565507411957e-02,-1.996399369090795517e-03,1.952726510353386402e-03,-9.818127145990729332e-04,-1.670395140536129475e-03,3.339180955663323402e-03,7.203732966445386410e-04,2.982541732490062714e-02,-4.600997082889080048e-03,4.793232772499322891e-03,-3.696058411151170731e-03,-9.861902333796024323e-03,1.379411388188600540e-02
-6.570061668753623962e-03,6.589478580281138420e-04,1.593894697725772858e-02,3.491728100925683975e-03,-3.172106109559535980e-03,1.189649384468793869e-02,-8.284116047434508801e-04,-8.347757975570857525e-04,6.084697321057319641e-03,-1.363805960863828659e-02,1.814073137938976288e-02,-1.039971690624952316e-02,-5.834307521581649780e-03,3.006579820066690445e-03,5.070918798446655273e-02,-2.802248671650886536e-02,-5.368666723370552063e-02,-1.113897189497947693e-02,-9.289724403060972691e-04,-2.870284393429756165e-02,-9.826548630371689796e-04,7.441787165589630604e-04,-4.117392469197511673e-03,-6.534763146191835403e-03,2.919337712228298187e-02,-5.161719862371683121e-03,9.360819123685359955e-03,3.161392174661159515e-03,-1.511052483692765236e-03,2.560011111199855804e-02
4.766883328557014465e-03,-4.650766961276531219e-03,7.854602299630641937e-03,-9.895577095448970795e-03,-5.221787840127944946e-03,1.925965212285518646e-02,-9.489685297012329102e-03,4.970192909240722656e-03,1.061034481972455978e-02,-1.107833348214626312e-02,1.050350628793239594e-02,-2.228813059628009796e-02,-2.445871243253350258e-03,1.317999139428138733e-02,2.024955861270427704e-02,-1.762438192963600159e-02,-2.046405896544456482e-02,-1.007566927000880241e-03,3.568724205251783133e-04,-2.678291313350200653e-02,8.278272580355405807e-04,-6.838140543550252914e-04,-4.646969959139823914e-03,-1.243438385426998138e-02,2.042971178889274597e-02,-3.478102851659059525e-03,1.786054670810699463e-02,4.003897309303283691e-03,2.023302717134356499e-03,1.417851075530052185e-02
1.114309020340442657e-02,-4.116141237318515778e-03,5.278765223920345306e-03,-5.041880067437887192e-03,-2.916242927312850952e-03,9.519383311271667480e-03,-1.153464149683713913e-02,3.998616710305213928e-03,1.054859627038240433e-02,-3.723294707015156746e-03,-2.871881704777479172e-03,-2.263273485004901886e-02,-4.505418182816356421e-04,-8.678045123815536499e-04,1.859530434012413025e-02,2.508791722357273102e-02,2.915501967072486877e-02,1.186692900955677032e-02,-1.333666295977309346e-05,-9.971927851438522339e-03,2.577325794845819473e-03,-2.209937956649810076e-04,-3.484766464680433273e-03,-1.089055091142654419e-02,1.993429847061634064e-02,-7.848345674574375153e-03,1.981651224195957184e-02,3.194110700860619545e-03,-4.574039485305547714e-04,-1.354612875729799271e-03
9.967719204723834991e-03,-2.854779362678527832e-03,4.167887382209300995e-03,1.113450154662132263e-03,-2.366190310567617416e-04,-2.140072407200932503e-03,-3.568832762539386749e-03,8.745281957089900970e-03,1.031151134520769119e-02,7.257397286593914032e-03,-9.054203517735004425e-03,-1.502234395593404770e-02,2.617704216390848160e-03,-1.208214182406663895e-02,-2.511731348931789398e-02,3.967203572392463684e-02,5.906476452946662903e-02,9.636593051254749298e-03,-1.220392878167331219e-03,7.404821459203958511e-03,2.505784854292869568e-03,-2.100744750350713730e-04,9.361204574815928936e-04,-2.212662249803543091e-03,2.626577019691467285e-02,-1.744873821735382080e-02,1.521714311093091965e-02,-7.407210068777203560e-04,-3.412849968299269676e-03,1.628255995456129313e-04
-4.655284807085990906e-03,-2.046519191935658455e-03,-1.319522410631179810e-02,8.250513928942382336e-04,6.453943788073956966e-04,-9.298898279666900635e-03,1.718582934699952602e-03,8.491376414895057678e-03,1.144141238182783127e-02,1.339536439627408981e-02,-1.628614962100982666e-02,9.181990288197994232e-03,4.629489965736865997e-03,1.157498545944690704e-02,-8.345836400985717773e-02,-1.540599390864372253e-02,3.773513808846473694e-02,-1.156434882432222366e-02,-1.913963234983384609e-03,1.667041331529617310e-02,-2.404933329671621323e-03,-2.390175126492977142e-03,2.346170949749648571e-04,1.631447300314903259e-02,2.756453119218349457e-02,-2.506166696548461914e-02,8.408182300627231598e-03,-1.454625627957284451e-03,-5.302857607603073120e-03,7.718370296061038971e-03
-1.283369679003953934e-02,1.098490436561405659e-03,-1.752270571887493134e-02,-4.968904424458742142e-03,1.929218648001551628e-03,-1.712051779031753540e-02,-3.961916081607341766e-03,6.249382626265287399e-03,-1.448507828172296286e-04,1.060289423912763596e-02,-5.021741613745689392e-03,2.021634578704833984e-02,5.787279922515153885e-03,1.590886153280735016e-02,-3.840439021587371826e-02,-3.154212981462478638e-02,-9.597944095730781555e-03,-1.500202436000108719e-02,-2.381155500188469887e-03,1.699643582105636597e-02,-3.706981195136904716e-03,-3.159729763865470886e-03,-2.185110206482931972e-04,2.618465758860111237e-02,1.949206367135047913e-02,-2.223010919988155365e-02,5.596944130957126617e-03,3.000578610226511955e-03,-4.055002238601446152e-03,-6.565186195075511932e-04
-4.912252537906169891e-03,1.071483595296740532e-03,-1.053723134100437164e-02,-7.878844626247882843e-03,5.115301348268985748e-03,-9.304299950599670410e-03,-7.018590345978736877e-03,5.322686629369854927e-04,-4.362178966403007507e-03,8.658194565214216709e-04,4.635479301214218140e-03,9.248849935829639435e-03,1.036951225250959396e-02,-5.477209575474262238e-03,7.293715327978134155e-02,-1.007782202214002609e-02,-7.416214793920516968e-02,-8.057130500674247742e-03,1.315386616624891758e-03,4.153114277869462967e-03,-1.416178303770720959e-03,-1.811565016396343708e-03,-2.699219156056642532e-03,2.060378901660442352e-02,7.262274622917175293e-03,-9.922591969370841980e-03,6.197734270244836807e-03,4.488121252506971359e-03,-4.515927284955978394e-03,-8.834265754558146000e-04
4.148860462009906769e-03,-3.011972643435001373e-03,-2.783902687951922417e-03,-5.784653127193450928e-03,2.479635411873459816e-03,7.650780957192182541e-03,-3.400714369490742683e-03,-8.112885407172143459e-04,-5.396075081080198288e-03,-2.520632115192711353e-04,9.285017848014831543e-03,-7.385605567833408713e-05,-1.000239630229771137e-03,-2.235964871942996979e-02,6.371303647756576538e-02,1.879851892590522766e-02,-4.623872041702270508e-02,6.478054448962211609e-03,3.029205836355686188e-03,-4.476910689845681190e-04,-1.051487051881849766e-03,6.650453433394432068e-04,-4.776246845722198486e-03,-3.219799604266881943e-03,5.386154633015394211e-03,-2.607585862278938293e-03,9.444673545658588409e-03,5.902451463043689728e-03,-5.193564109504222870e-03,2.523227594792842865e-03
2.583241090178489685e-03,-5.086340475827455521e-03,-1.620840397663414478e-03,1.336827059276401997e-03,-4.993469454348087311e-03,2.299566008150577545e-02,6.884321337565779686e-04,-4.457891045603901148e-04,-7.100500170054147020e-06,5.478924722410738468e-04,1.769889891147613525e-02,-2.416791685391217470e-04,-8.815996348857879639e-03,-1.651882566511631012e-02,4.561128839850425720e-02,2.858281508088111877e-02,-2.292636968195438385e-02,1.035269070416688919e-02,4.761697724461555481e-03,-1.348795183002948761e-02,-5.640231072902679443e-03,2.457654103636741638e-03,-6.800350267440080643e-03,-1.847401820123195648e-02,1.737164519727230072e-02,-3.556124633178114891e-03,1.625751517713069916e-02,8.238616399466991425e-03,-7.930982857942581177e-03,2.127649495378136635e-03
-5.037698894739151001e-03,-3.021387092303484678e-04,-5.286856088787317276e-03,1.039308402687311172e-02,-6.315919570624828339e-03,1.291145943105220795e-02,-3.737766237463802099e-04,3.482797648757696152e-03,6.508954800665378571e-03,-5.475894547998905182e-03,9.552397765219211578e-03,7.261341670528054237e-04,-7.480049040168523788e-03,6.122235208749771118e-03,-4.406880587339401245e-03,1.443738676607608795e-02,3.927012905478477478e-03,-2.090783556923270226e-03,2.101472113281488419e-03,-1.461771037429571152e-02,-8.676188066601753235e-03,3.628707781899720430e-04,-8.231574669480323792e-03,-2.237059734761714935e-02,2.265113592147827148e-02,-1.035635359585285187e-02,1.842077635228633881e-02,3.059097332879900932e-03,-5.739819724112749100e-03,9.146628435701131821e-04
-1.502394303679466248e-02,4.841186571866273880e-03,9.730343706905841827e-03,1.239466667175292969e-02,-1.215395401231944561e-03,-1.841504825279116631e-03,-2.371234120801091194e-03,3.786590881645679474e-03,1.897496171295642853e-02,-1.201945450156927109e-02,-3.666874254122376442e-03,5.382176605053246021e-04,-1.756823738105595112e-03,2.289099059998989105e-02,-2.623550593852996826e-02,-1.707259193062782288e-02,1.411144528537988663e-02,-7.307378575205802917e-03,9.642700315453112125e-04,-9.752494283020496368e-03,-6.185360252857208252e-03,1.924170763231813908e-03,-6.336762104183435440e-03,-1.118558831512928009e-02,1.869276911020278931e-02,-8.237122558057308197e-03,1.866467483341693878e-02,2.952251525130122900e-04,-2.674319548532366753e-03,-1.281379954889416695e-03
-7.897098548710346222e-03,8.011170662939548492e-03,2.128195762634277344e-02,9.393382817506790161e-03,1.750417053699493408e-03,-5.714572500437498093e-03,-9.488984942436218262e-03,4.312602803111076355e-03,9.841424413025379181e-03,-7.693464402109384537e-03,-4.953458439558744431e-03,-8.119961712509393692e-04,-4.283153102733194828e-04,1.820744387805461884e-02,-9.046724997460842133e-03,-2.576430328190326691e-02,3.171375766396522522e-02,-4.398679360747337341e-03,1.029784209094941616e-03,-3.332929452881217003e-03,8.555147796869277954e-04,1.619786839000880718e-03,9.829415939748287201e-04,7.507057394832372665e-03,1.680114865303039551e-02,-7.575686555355787277e-03,1.623983681201934814e-02,-3.833181457594037056e-03,9.116505680140107870e-05,1.351389219053089619e-03
6.522899027913808823e-03,2.628367627039551735e-03,1.748521625995635986e-02,-2.449085004627704620e-04,-4.073292948305606842e-03,-3.448617178946733475e-03,-6.289276643656194210e-05,4.846280906349420547e-03,2.360787242650985718e-03,9.526418522000312805e-03,7.007426029304042459e-05,-7.935478352010250092e-03,2.826115349307656288e-03,-8.928896277211606503e-04,1.353501714766025543e-02,-1.145802438259124756e-02,4.652798920869827271e-02,-1.432431454304605722e-04,-5.507686873897910118e-04,-1.013078959658741951e-03,5.178948864340782166e-03,-3.939402755349874496e-03,4.653857555240392685e-03,1.710421405732631683e-02,1.719302684068679810e-02,-7.627397309988737106e-03,1.410811673849821091e-02,4.444064688868820667e-04,1.721107284538447857e-03,-1.388304983265697956e-03
8.479326963424682617e-03,-2.226663753390312195e-03,5.553512368351221085e-03,-6.003148853778839111e-03,-7.208516355603933334e-03,6.370251649059355259e-04,7.128692697733640671e-03,4.440320190042257309e-03,1.171530893770977855e-04,2.312847599387168884e-02,1.070375670678913593e-03,-1.869361475110054016e-02,4.215317312628030777e-03,-5.566922016441822052e-03,1.615203800611197948e-03,4.736463539302349091e-03,2.288324944674968719e-02,4.464607220143079758e-03,-8.227662183344364166e-04,-5.981262773275375366e-03,1.522715017199516296e-02,-4.510474391281604767e-03,2.485662698745727539e-03,1.519620604813098907e-02,1.397014688700437546e-02,-1.037690043449401855e-02,1.298915687948465347e-02,3.461316926404833794e-03,-4.800424911081790924e-03,-6.034028716385364532e-03
5.492070689797401428e-03,-5.637706257402896881e-03,-2.641481347382068634e-03,-3.334082197397947311e-03,-2.100023208186030388e-03,3.938903566449880600e-03,1.746113644912838936e-03,2.867686329409480095e-03,-5.746596492826938629e-03,2.082733996212482452e-02,2.648165915161371231e-03,-2.075816132128238678e-02,6.052118842490017414e-04,-5.452258046716451645e-03,-2.070986665785312653e-02,-8.594986982643604279e-03,1.265331986360251904e-03,7.398356683552265167e-03,-1.637469278648495674e-03,-2.551760058850049973e-03,2.057129517197608948e-02,2.759475959464907646e-03,2.248287899419665337e-03,5.225127562880516052e-03,8.437278680503368378e-03,-8.416620083153247833e-03,2.694851718842983246e-03,2.495601307600736618e-03,-6.800730712711811066e-03,-9.767054580152034760e-03
3.421120112761855125e-03,-5.595020484179258347e-03,-5.819043610244989395e-03,-1.479460275731980801e-03,3.832358168438076973e-03,5.424126517027616501e-03,-5.037713330239057541e-03,-1.258760690689086914e-03,4.710870794951915741e-03,-2.404587110504508018e-03,4.495630506426095963e-03,-1.353887468576431274e-02,-2.786552999168634415e-03,-8.157660253345966339e-03,-1.929313875734806061e-02,-7.736335042864084244e-03,1.070348080247640610e-02,4.415660165250301361e-03,-3.145915456116199493e-03,-1.201616250909864902e-03,7.764124311506748199e-03,1.191060058772563934e-03,2.365255495533347130e-03,6.425851024687290192e-04,1.047059614211320877e-02,-9.275485761463642120e-03,3.086339682340621948e-03,-3.139584092423319817e-03,-6.996599957346916199e-03,-4.211727529764175415e-03
-1.255613868124783039e-03,9.709504083730280399e-04,-2.572458935901522636e-03,7.252863724716007710e-04,4.430281464010477066e-03,2.567809715401381254e-04,-7.201786153018474579e-03,-7.945642806589603424e-03,2.877870574593544006e-03,-2.863726206123828888e-02,9.259795187972486019e-04,5.163335241377353668e-03,4.183068871498107910e-03,-5.423381458967924118e-03,6.082550622522830963e-03,1.413132250308990479e-02,3.544013015925884247e-04,-5.825038533657789230e-03,-7.824218482710421085e-05,-1.081076916307210922e-03,-1.356079708784818649e-02,-2.099707198794931173e-04,6.057992111891508102e-03,-5.198211874812841415e-03,1.485550403594970703e-02,-1.507514435797929764e-02,5.928728729486465454e-03,-6.465124431997537613e-03,-7.815740071237087250e-03,9.520601015537977219e-04
-1.074540335685014725e-02,4.910056944936513901e-03,-9.500360116362571716e-03,-4.784321412444114685e-03,6.270672311075031757e-04,-4.863354377448558807e-03,-3.982824637205339968e-05,-1.208347827196121216e-02,-1.275048474781215191e-03,-2.079237438738346100e-02,1.338981091976165771e-02,2.528278715908527374e-02,1.549765584059059620e-03,-4.506533034145832062e-03,2.389090321958065033e-02,1.061307918280363083e-02,-8.649137802422046661e-03,-1.679043658077716827e-02,-2.524761017411947250e-03,-4.804193973541259766e-03,-1.482555642724037170e-02,4.153056535869836807e-03,6.026507820934057236e-03,-1.199168432503938675e-02,1.310559082776308060e-02,-1.825888268649578094e-02,2.052776142954826355e-02,-7.356827147305011749e-03,-2.674461342394351959e-03,4.320227541029453278e-03
-8.661197498440742493e-03,2.540342742577195168e-03,-1.042519044131040573e-02,-3.687840653583407402e-03,-5.121232476085424423e-03,-9.338213130831718445e-03,3.026285674422979355e-03,-8.771897293627262115e-03,-1.458243583329021931e-03,-1.506127975881099701e-02,1.696639135479927063e-02,2.718765847384929657e-02,-3.539428347721695900e-03,-6.758032832294702530e-03,1.423985790461301804e-02,8.240061812102794647e-03,-6.699956022202968597e-03,-1.265745516866445541e-02,-4.824676550924777985e-03,5.539159290492534637e-03,-8.063635788857936859e-03,6.930503994226455688e-03,3.934293636120855808e-04,-9.286456741392612457e-03,1.418068818747997284e-02,-1.329816691577434540e-02,1.847697235643863678e-02,-6.149195251055061817e-04,4.266754724085330963e-03,7.203149609267711639e-03
2.140972763299942017e-03,2.329806302441284060e-04,-9.909009560942649841e-03,9.893430396914482117e-04,-8.297223597764968872e-03,-2.429252635920420289e-04,-9.287983411923050880e-04,7.804759778082370758e-03,8.518175221979618073e-03,3.436281811445951462e-03,7.432079873979091644e-03,5.874983500689268112e-03,-1.130923908203840256e-02,3.822155296802520752e-03,-5.996266379952430725e-03,1.616744324564933777e-02,-2.950186282396316528e-02,8.387683192268013954e-04,-3.903588512912392616e-04,-1.097049214877188206e-03,-4.245796706527471542e-03,2.812470775097608566e-03,-8.660645224153995514e-03,-4.864462651312351227e-03,2.120226062834262848e-02,-1.182179059833288193e-02,1.568964123725891113e-02,8.012823760509490967e-03,7.210960611701011658e-03,5.450653377920389175e-03
2.087543951347470284e-03,8.506761514581739902e-04,-7.165675982832908630e-03,-2.039904211414977908e-04,-4.363968502730131149e-03,1.392881036736071110e-03,-3.864428028464317322e-03,1.130164321511983871e-02,5.735610611736774445e-03,3.271960886195302010e-03,-8.590590208768844604e-03,-1.652359403669834137e-02,-2.976680640131235123e-03,2.911577373743057251e-02,-1.736719161272048950e-02,3.411998739466071129e-03,-3.045012056827545166e-02,1.110784709453582764e-02,5.981233436614274979e-03,-4.798785783350467682e-03,-2.601424930617213249e-03,-1.960656954906880856e-04,-1.653534732758998871e-02,1.874577137641608715e-03,2.026914060115814209e-02,-9.460289962589740753e-03,1.209390908479690552e-02,1.406230777502059937e-02,-5.775296012870967388e-04,-7.905350648798048496e-04
-8.467435836791992188e-04,9.496978600509464741e-04,-9.281849488615989685e-04,2.350212540477514267e-03,-5.180194275453686714e-04,-5.729861557483673096e-03,-3.271679161116480827e-03,4.936813842505216599e-03,6.860894500277936459e-04,5.389662459492683411e-03,-5.055659450590610504e-03,-2.487474866211414337e-02,6.455750670284032822e-03,2.697082236409187317e-02,-1.850680075585842133e-02,-2.009209059178829193e-02,-1.463518198579549789e-02,8.677867241203784943e-03,5.181199405342340469e-03,2.311998279765248299e-03,9.873190429061651230e-04,-2.453502034768462181e-03,-1.900984719395637512e-02,6.499517243355512619e-03,2.018419466912746429e-02,-1.415719930082559586e-02,1.471136882901191711e-02,8.811040781438350677e-03,-4.384643863886594772e-03,-2.626025350764393806e-03
2.108135959133505821e-03,-2.164627891033887863e-03,8.786718361079692841e-03,3.030712250620126724e-03,4.069717600941658020e-03,-6.663783453404903412e-03,-2.685473067685961723e-03,-4.705961327999830246e-03,-1.317636109888553619e-03,1.649973448365926743e-03,4.877168612438254058e-05,-1.911468245089054108e-02,5.143735557794570923e-03,4.625023342669010162e-03,-1.971749961376190186e-02,-2.497659251093864441e-02,-1.883293688297271729e-02,-4.017881583422422409e-04,2.730885520577430725e-03,1.389829628169536591e-02,-1.554772141389548779e-03,-3.464580222498625517e-04,-1.073605194687843323e-02,7.442403119057416916e-03,2.059173397719860077e-02,-1.477217301726341248e-02,1.352114602923393250e-02,-7.644445635378360748e-03,-4.580364562571048737e-03,1.126278657466173172e-03
1.875029294751584530e-03,-4.845415707677602768e-03,2.108653448522090912e-02,1.935978652909398079e-03,-9.250413277186453342e-04,-1.641757669858634472e-03,-5.466725211590528488e-03,-6.039652973413467407e-03,-2.204531338065862656e-03,2.177695045247673988e-03,-2.298002073075622320e-04,-7.089432328939437866e-03,-5.625807680189609528e-03,-1.986301504075527191e-02,1.386847626417875290e-02,-5.978197790682315826e-03,-3.047850169241428375e-02,-8.394301868975162506e-03,-3.139451146125793457e-03,1.423421967774629593e-02,-4.360991530120372772e-03,-3.302230266854166985e-03,7.214536424726247787e-03,9.262302890419960022e-03,2.598740719258785248e-02,-1.490880176424980164e-02,1.001688186079263687e-02,-1.359785720705986023e-02,-1.571308384882286191e-04,1.250064745545387268e-02
6.220374256372451782e-03,-3.152029588818550110e-03,5.821742117404937744e-03,-4.596014507114887238e-03,-4.120584111660718918e-03,5.344541743397712708e-03,7.824340136721730232e-04,1.897005946375429630e-03,1.740986481308937073e-03,5.488503724336624146e-03,-3.152507357299327850e-03,6.439625867642462254e-04,-6.340498570352792740e-03,-2.474961616098880768e-02,6.061547622084617615e-02,2.702610008418560028e-02,-5.796923651359975338e-04,-4.744130652397871017e-03,-5.796774290502071381e-03,3.087824152316898108e-04,-4.385937005281448364e-03,1.232520560733973980e-03,1.828700117766857147e-02,7.091349456459283829e-03,2.337914332747459412e-02,-8.917421102523803711e-03,5.698662716895341873e-03,-1.249662879854440689e-02,1.402170956134796143e-02,1.305569801479578018e-02
-4.249751102179288864e-03,9.508744697086513042e-04,-1.099313516169786453e-02,-1.000749226659536362e-02,-3.089096164330840111e-03,7.215197198092937469e-03,8.576867170631885529e-03,2.401157049462199211e-03,2.397887583356350660e-04,-9.900845587253570557e-03,-2.701166085898876190e-03,6.019275169819593430e-03,-2.015518723055720329e-03,-1.150228641927242279e-02,5.234342440962791443e-02,1.861441880464553833e-02,3.642800822854042053e-02,-2.664076455403119326e-04,-2.064496278762817383e-03,-1.461492292582988739e-02,2.077521057799458504e-03,3.385894699022173882e-03,1.582658849656581879e-02,3.554194117896258831e-04,1.524245180189609528e-02,-6.983411498367786407e-03,1.037080772221088409e-02,-1.331412605941295624e-02,2.698742598295211792e-02,2.621857449412345886e-03
-5.975812673568725586e-03,5.452150944620370865e-03,-8.271574042737483978e-03,-2.368513960391283035e-03,-1.578002818860113621e-03,2.844149712473154068e-03,4.144331905990839005e-03,3.114470280706882477e-03,5.644002463668584824e-03,-3.035143762826919556e-02,-1.535388873890042305e-03,7.096908520907163620e-03,5.856568459421396255e-03,5.406787153333425522e-03,-3.350075567141175270e-03,-7.204826921224594116e-03,4.671545326709747314e-02,5.524092121049761772e-04,3.499409649521112442e-03,-1.515037752687931061e-02,5.587849300354719162e-03,8.102074265480041504e-03,2.924871863797307014e-03,-8.907210081815719604e-03,1.778180710971355438e-02,-6.987399421632289886e-03,1.107193436473608017e-02,-6.946963723748922348e-03,2.416527830064296722e-02,-5.966862197965383530e-03
-7.421080023050308228e-03,8.876265957951545715e-03,2.442245371639728546e-03,4.804678726941347122e-03,5.593468449660576880e-05,-1.070002093911170959e-03,-2.826391253620386124e-03,7.364428602159023285e-03,5.072297528386116028e-03,-3.099066577851772308e-02,-1.591783075127750635e-04,6.918447557836771011e-03,1.158746145665645599e-02,1.438722200691699982e-02,-1.314238086342811584e-02,-1.622896268963813782e-02,3.000100702047348022e-02,-3.604360623285174370e-03,7.613219320774078369e-03,-8.268740959465503693e-03,1.067011523991823196e-02,3.650599159300327301e-03,-2.631720621138811111e-03,-1.173256803303956985e-02,2.129582129418849945e-02,-1.365439034998416901e-02,9.023604914546012878e-03,-5.130492616444826126e-03,2.274020807817578316e-03,-2.559592481702566147e-03
-2.509287325665354729e-03,5.777931772172451019e-03,6.946719717234373093e-03,2.023156499490141869e-03,-3.178902203217148781e-03,2.071499126031994820e-03,-3.655669512227177620e-03,1.760665676556527615e-03,5.963899660855531693e-03,-1.308216364122927189e-03,1.001253112917765975e-04,3.934874199330806732e-03,-2.309915842488408089e-03,4.899891093373298645e-03,-1.566854678094387054e-02,4.773051477968692780e-03,8.644535206258296967e-03,-4.303436726331710815e-03,3.144979476928710938e-03,-2.425953745841979980e-03,-2.216523280367255211e-03,-4.293512552976608276e-03,-1.028577424585819244e-02,-6.275885272771120071e-03,1.450437959283590317e-02,-2.077882923185825348e-02,5.282272584736347198e-03,-4.618236795067787170e-03,-2.399498783051967621e-02,9.200265631079673767e-03
1.379642984829843044e-03,2.277323947055265307e-04,-5.353739485144615173e-03,-3.713166108354926109e-03,-6.741380318999290466e-03,3.590892767533659935e-03,4.870473407208919525e-03,-5.093438550829887390e-03,-3.409002674743533134e-03,9.292069822549819946e-03,-3.176093799993395805e-03,4.904491361230611801e-03,-2.067741937935352325e-02,-1.180098857730627060e-02,-2.334095537662506104e-02,1.993810385465621948e-02,2.217220887541770935e-02,-4.637452075257897377e-04,-4.584026988595724106e-03,-1.437816186808049679e-03,-8.568173274397850037e-03,-1.147025078535079956e-02,-4.368263296782970428e-03,-6.863399903522804379e-05,6.594298407435417175e-03,-1.759079843759536743e-02,1.161490846425294876e-02,1.041755196638405323e-03,-3.687880560755729675e-02,1.169569976627826691e-02
1.205399632453918457e-03,-7.871095091104507446e-03,-1.697432249784469604e-02,-1.963144401088356972e-03,-8.568389341235160828e-03,3.405011259019374847e-03,2.041589003056287766e-03,-6.928680930286645889e-03,1.817132579162716866e-04,1.612593047320842743e-02,-4.982574842870235443e-03,1.675084466114640236e-03,-1.548032276332378387e-02,-1.158183533698320389e-02,-4.761567711830139160e-02,3.752254997380077839e-04,-2.877159975469112396e-03,2.210058970376849174e-03,-7.209484465420246124e-03,-4.164796788245439529e-03,-1.334600034169852734e-03,-1.355856098234653473e-02,-3.324607852846384048e-03,2.326635876670479774e-03,2.799160545691847801e-03,-1.534646563231945038e-02,2.395329065620899200e-02,-4.565599956549704075e-04,-2.708157338201999664e-02,7.025406695902347565e-03
4.702280275523662567e-03,-9.880489669740200043e-03,-1.402722857892513275e-02,2.560942433774471283e-03,-2.651825314387679100e-03,3.181242616847157478e-03,8.480325341224670410e-03,4.084952175617218018e-03,6.549134850502014160e-03,1.510597486048936844e-02,-4.288678057491779327e-03,3.526423126459121704e-03,6.105525884777307510e-03,3.435645718127489090e-03,-1.681978581473231316e-03,-3.346291929483413696e-02,-7.468743622303009033e-02,-4.803556948900222778e-03,-5.171542987227439880e-03,-1.794043346308171749e-04,4.259568639099597931e-03,-4.213929641991853714e-03,8.159324352163821459e-05,-1.242466270923614502e-03,1.977503998205065727e-03,-1.992152631282806396e-02,2.419521100819110870e-02,7.397473324090242386e-03,-8.233760483562946320e-03,7.193033117800951004e-03
3.335021901875734329e-03,-7.564980536699295044e-03,1.932222628965973854e-03,5.379430949687957764e-03,1.143526751548051834e-03,5.872797919437289238e-04,2.626879373565316200e-03,8.663952350616455078e-03,1.145694404840469360e-02,1.113380212336778641e-02,-1.993445912376046181e-03,2.788546960800886154e-03,1.334174908697605133e-02,2.583235036581754684e-03,6.246606633067131042e-02,-1.024027913808822632e-02,-5.223191529512405396e-02,-7.025508210062980652e-03,2.949187764897942543e-03,1.452640746720135212e-03,-3.945665899664163589e-03,6.522330921143293381e-03,-2.246642252430319786e-03,-5.923980497755110264e-04,1.705251075327396393e-02,-2.237380854785442352e-02,1.910110190510749817e-02,7.086090743541717529e-03,1.652372651733458042e-03,1.206452841870486736e-03
-1.452941331081092358e-03,-7.755449623800814152e-04,1.454589795321226120e-02,9.727737866342067719e-03,-3.637759073171764612e-05,2.157226845156401396e-04,-9.771944954991340637e-03,4.576378967612981796e-03,7.790924981236457825e-03,-2.318153623491525650e-03,-1.106420531868934631e-03,-3.036641050130128860e-03,9.945401921868324280e-03,-1.021385658532381058e-02,6.683304905891418457e-02,3.994088992476463318e-02,1.465973909944295883e-02,-8.610564982518553734e-04,5.484595429152250290e-03,4.338698927313089371e-03,-1.463137101382017136e-02,8.169543929398059845e-03,2.761545591056346893e-03,2.911168383434414864e-03,1.694293320178985596e-02,-2.104451693594455719e-02,8.893921971321105957e-03,-3.989856224507093430e-03,-2.969058230519294739e-03,6.327479495666921139e-04
-1.087868865579366684e-02,5.382925271987915039e-03,2.057694643735885620e-02,6.733834277838468552e-03,1.312833046540617943e-04,2.962465805467218161e-04,-1.276383176445960999e-02,-1.295154355466365814e-02,7.628538645803928375e-03,-1.607353053987026215e-02,1.184325199574232101e-03,-4.562248475849628448e-03,-1.257581636309623718e-03,5.224381573498249054e-03,1.044057402759790421e-02,3.295312821865081787e-02,6.390725821256637573e-02,-6.136315059848129749e-04,2.172791166231036186e-03,1.568510942161083221e-02,-9.525528177618980408e-03,4.569264128804206848e-03,7.535262964665889740e-03,4.640967585146427155e-03,1.891669631004333496e-02,-1.472557801753282547e-02,-5.200103856623172760e-03,-1.648629456758499146e-02,-5.959698464721441269e-03,5.112283397465944290e-03
-9.628515690565109253e-03,7.977715693414211273e-03,1.261356659233570099e-02,-1.764883199939504266e-04,-2.082912717014551163e-03,2.114119473844766617e-03,-1.223444705829024315e-03,-1.319540198892354965e-02,-1.080539543181657791e-03,-1.647415570914745331e-02,4.422332625836133957e-03,-8.675981312990188599e-03,-8.966550230979919434e-03,2.506062388420104980e-02,-3.402292728424072266e-02,-2.434197068214416504e-02,2.651693113148212433e-02,-1.168994046747684479e-02,-2.628541318699717522e-03,1.141638029366731644e-02,3.374164691194891930e-03,-2.755200257524847984e-04,6.407878827303647995e-03,4.652406089007854462e-03,2.530961669981479645e-02,-1.503950543701648712e-02,-3.591934219002723694e-03,-2.063098549842834473e-02,-4.943551961332559586e-03,8.205332793295383453e-03
-4.478154238313436508e-03,5.020181648433208466e-03,2.197978552430868149e-03,-1.625501550734043121e-03,-3.125604242086410522e-03,5.498872487805783749e-04,1.399387139827013016e-02,-6.001509609632194042e-04,-5.749030970036983490e-03,-3.697334090247750282e-03,9.118512272834777832e-03,-6.822217255830764771e-03,-1.060924120247364044e-02,1.784551516175270081e-02,-4.308223724365234375e-02,-3.919666260480880737e-02,-3.855730220675468445e-02,-1.095639169216156006e-02,-1.957956003025174141e-03,-5.179266445338726044e-04,1.623987965285778046e-02,-2.315195742994546890e-03,-3.643958189059048891e-04,2.647012704983353615e-03,2.294066734611988068e-02,-1.151186786592006683e-02,8.139566518366336823e-03,-1.218920852988958359e-02,-1.901720417663455009e-03,1.774631091393530369e-03
1.275194576010107994e-03,-2.298853360116481781e-03,-7.032374851405620575e-03,-4.173802211880683899e-03,7.567093416582792997e-05,-1.064280513674020767e-02,1.628926768898963928e-02,8.711121976375579834e-03,-6.383592262864112854e-03,1.854833029210567474e-02,8.190923370420932770e-03,-3.656904445961117744e-03,-2.632283605635166168e-03,-6.585621740669012070e-03,-3.045872412621974945e-02,-2.078059501945972443e-02,-4.798164591193199158e-02,8.874042541719973087e-04,3.470659023150801659e-03,-1.163103245198726654e-02,2.329000085592269897e-02,-4.871123004704713821e-03,-4.834164865314960480e-03,4.978214856237173080e-04,1.545589696615934372e-02,-1.100395154207944870e-02,2.173377387225627899e-02,6.834168452769517899e-03,8.076242171227931976e-03,-1.369559112936258316e-02
9.335697628557682037e-03,-5.197894293814897537e-03,-1.255954615771770477e-02,2.435215719742700458e-04,2.335901139304041862e-03,-1.613536663353443146e-02,3.969870973378419876e-03,7.646542042493820190e-03,-4.879760555922985077e-03,2.936607599258422852e-02,9.051701985299587250e-03,-9.948793798685073853e-03,3.392749698832631111e-03,-3.077587112784385681e-02,-8.774911053478717804e-03,1.839405484497547150e-02,-8.074370562098920345e-04,9.952967055141925812e-03,6.118351127952337265e-03,-1.466982439160346985e-02,1.727630384266376495e-02,-2.870080526918172836e-03,-4.002568311989307404e-03,-1.414730679243803024e-03,5.382567644119262695e-03,-1.099974475800991058e-02,1.928498782217502594e-02,1.082024164497852325e-02,1.215547230094671249e-02,-1.891313865780830383e-02
1.130957156419754028e-02,-4.598696250468492508e-03,-7.958685979247093201e-03,7.341881748288869858e-03,-9.048761057783849537e-06,-1.120704598724842072e-02,-1.907148631289601326e-03,5.393737461417913437e-03,1.139430212788283825e-03,2.722203359007835388e-02,6.891682860441505909e-04,-1.336947456002235413e-02,8.980903774499893188e-03,-1.222535409033298492e-02,1.339498339802958071e-05,3.211866319179534912e-02,2.359464019536972046e-02,9.027048945426940918e-03,2.087560016661882401e-03,-5.996685475111007690e-03,-1.879600575193762779e-03,-1.834857248468324542e-04,4.677573451772332191e-04,-1.682959496974945068e-03,1.021451223641633987e-02,-1.501988433301448822e-02,1.311875879764556885e-02,-4.525675904005765915e-03,7.451355457305908203e-03,-1.863720081746578217e-02
1.907739904709160328e-03,2.871868433430790901e-03,-5.912815686315298080e-03,4.980593919754028320e-03,-4.263744223862886429e-03,-1.929682213813066483e-03,-1.131217693910002708e-03,-2.544249407947063446e-03,4.821018315851688385e-03,1.066953502595424652e-02,-3.821783699095249176e-03,-8.188967593014240265e-03,1.235163118690252304e-02,1.240480132400989532e-02,7.113880477845668793e-03,2.018111571669578552e-02,-1.839665696024894714e-02,-3.017038339748978615e-03,-3.767131420318037271e-05,3.302373224869370461e-03,-1.553923729807138443e-02,1.042497111484408379e-03,-2.460082294419407845e-03,8.893388439901173115e-04,1.780807599425315857e-02,-1.714370585978031158e-02,1.272621843963861465e-02,-1.042090728878974915e-02,1.084290212020277977e-03,-9.704631753265857697e-03
-3.764697117730975151e-03,5.555483046919107437e-03,-7.750422228127717972e-03,-3.943714778870344162e-03,-6.090242881327867508e-03,6.220185896381735802e-04,1.172421034425497055e-03,-3.378514666110277176e-03,6.751317530870437622e-03,-9.195949882268905640e-03,-4.133353009819984436e-03,4.195480141788721085e-03,-5.057016853243112564e-03,6.460980512201786041e-03,3.284986689686775208e-02,-2.188953012228012085e-02,-6.371196359395980835e-02,-1.828031241893768311e-02,-1.627890625968575478e-03,-5.039529642090201378e-04,-1.193751860409975052e-02,2.038037870079278946e-03,-5.038998555392026901e-03,2.592028817161917686e-03,2.824646048247814178e-02,-1.940299570560455322e-02,1.561309676617383957e-02,-8.882888592779636383e-03,2.299117390066385269e-03,1.766154891811311245e-03
-8.696897886693477631e-03,1.090650563128292561e-03,-7.654663641005754471e-03,-1.365078985691070557e-02,-2.295626327395439148e-03,7.429980672895908356e-03,-1.079745925380848348e-04,-3.659359208540990949e-05,1.505931140854954720e-03,-2.103648707270622253e-02,-7.898403331637382507e-03,1.107900403439998627e-02,-1.201908662915229797e-02,-3.345650620758533478e-03,4.154831543564796448e-02,-1.282648928463459015e-02,-3.021904965862631798e-03,-6.464379839599132538e-03,-3.238456789404153824e-03,-4.174042493104934692e-03,-5.870829802006483078e-03,5.612139590084552765e-03,-4.018901847302913666e-03,3.385662101209163666e-03,3.567882254719734192e-02,-1.450594328343868256e-02,1.534217875450849533e-02,-4.965591244399547577e-03,1.919914409518241882e-02,-1.217497047036886215e-03
-1.150454673916101456e-02,-8.447128348052501678e-03,3.051189240068197250e-03,-9.441748261451721191e-03,1.096720690838992596e-03,1.252255123108625412e-02,3.475793404504656792e-03,4.558696411550045013e-03,3.083898918703198433e-03,-2.193690277636051178e-02,-4.446251317858695984e-03,9.660963900387287140e-03,-6.398116704076528549e-03,-5.030848551541566849e-03,3.402702510356903076e-02,4.235249944031238556e-03,6.903269886970520020e-02,3.571350127458572388e-03,-5.371876992285251617e-03,-8.192366920411586761e-03,-2.225735690444707870e-03,7.105528376996517181e-03,6.368626491166651249e-04,1.349132275208830833e-03,3.614078462123870850e-02,-1.198085304349660873e-02,1.966789923608303070e-02,-4.687157459557056427e-03,3.082136251032352448e-02,-1.102210208773612976e-02
-8.507017977535724640e-03,-6.683918647468090057e-03,7.629826664924621582e-03,-1.422003988409414887e-04,1.904319389723241329e-03,1.433845795691013336e-02,2.628868911415338516e-03,4.570560529828071594e-03,6.046251393854618073e-03,-1.638773456215858459e-02,-1.850535278208553791e-03,6.781270261853933334e-03,8.465939201414585114e-03,-7.066828664392232895e-03,2.816946618258953094e-02,1.806890405714511871e-02,6.110048666596412659e-02,1.057337317615747452e-02,-1.871055457741022110e-03,-2.420616336166858673e-03,3.568611806258559227e-03,-5.502266867551952600e-05,-2.397354925051331520e-03,-3.935922286473214626e-04,1.904257573187351227e-02,-1.626998558640480042e-02,1.610277406871318817e-02,4.112763854209333658e-04,1.742368750274181366e-02,-9.124243631958961487e-03
-7.969344733282923698e-04,-1.371239894069731236e-03,4.701097961515188217e-03,1.117891538888216019e-02,-2.373838797211647034e-03,4.888422321528196335e-03,1.771940384060144424e-03,3.856489434838294983e-03,9.593255817890167236e-03,-1.957461237907409668e-02,2.734500449150800705e-03,3.318072296679019928e-03,1.104783918708562851e-02,-1.236724760383367538e-02,2.320171147584915161e-02,2.212461829185485840e-02,1.468223892152309418e-02,8.319950429722666740e-04,3.884578356519341469e-03,5.790659226477146149e-03,2.421806333586573601e-03,-7.311927154660224915e-03,4.089437890797853470e-03,1.137272454798221588e-03,-6.544986390508711338e-04,-1.624552905559539795e-02,6.144870538264513016e-03,-2.801423193886876106e-03,-2.096912357956171036e-03,8.942100219428539276e-03
1.304286764934659004e-03,2.998143900185823441e-03,-5.481210537254810333e-03,9.993287734687328339e-03,-2.762781688943505287e-03,-3.819336649030447006e-03,-4.926025867462158203e-03,-7.588432054035365582e-04,5.045989993959665298e-03,-2.463370934128761292e-02,2.359862672165036201e-03,1.248423010110855103e-03,3.431006234677624889e-06,1.938605448231101036e-03,-3.087818995118141174e-02,5.340198986232280731e-03,-3.630317747592926025e-02,-7.715578656643629074e-03,3.952863160520792007e-03,1.743667200207710266e-02,-3.134644823148846626e-03,-1.273478753864765167e-02,6.290163379162549973e-03,2.579277381300926208e-03,-4.978474695235490799e-03,-1.246192306280136108e-02,-9.793514618650078773e-04,-1.344997156411409378e-02,-1.667919568717479706e-02,2.884333953261375427e-02
-9.258870268240571022e-04,-1.425311638740822673e-04,-5.007355008274316788e-03,4.090690053999423981e-03,-1.078079105354845524e-03,-6.203550379723310471e-03,-8.815193548798561096e-03,-5.063084419816732407e-03,-5.957804620265960693e-03,-6.781259085983037949e-03,-1.044755452312529087e-03,-5.064399447292089462e-03,-1.022676192224025726e-02,9.763399139046669006e-03,-6.550434976816177368e-02,-1.806439831852912903e-02,-5.403694510459899902e-02,-1.054317969828844070e-02,-1.166916103102266788e-03,2.142903581261634827e-02,-1.929995050886645913e-04,-1.560025662183761597e-02,3.283830126747488976e-03,1.131980679929256439e-03,1.671912148594856262e-02,-1.774659380316734314e-02,2.956824318971484900e-04,-1.174262445420026779e-02,-2.101271972060203552e-02,3.561545908451080322e-02
-4.988568369299173355e-03,-7.159488450270146132e-05,2.940650330856442451e-03,-2.766774268820881844e-04,4.707901272922754288e-03,-2.868408802896738052e-03,-1.460008206777274609e-03,-4.449349362403154373e-03,-9.514724835753440857e-03,1.348837371915578842e-02,-9.600243531167507172e-03,-1.679172925651073456e-02,2.279548905789852142e-03,9.924310259521007538e-03,-5.263436958193778992e-02,-2.630740404129028320e-02,3.294120775535702705e-03,-7.096909917891025543e-03,-1.437541097402572632e-03,7.774377241730690002e-03,1.106626936234533787e-03,-7.851631380617618561e-03,-1.676136860623955727e-03,-2.525421950849704444e-05,2.447468601167201996e-02,-1.285386271774768829e-02,2.752770902588963509e-03,-2.804926130920648575e-03,-1.943900436162948608e-02,1.501557789742946625e-02
-4.314056131988763809e-03,2.646397100761532784e-03,4.639299586415290833e-03,-3.134180093184113503e-03,2.877884311601519585e-03,-1.053866581059992313e-03,6.894554477185010910e-03,7.120245718397200108e-04,-1.014246791601181030e-02,2.592906542122364044e-02,-9.884303435683250427e-03,-1.874822005629539490e-02,8.407674729824066162e-03,1.203420385718345642e-02,-1.779605634510517120e-02,-1.717942953109741211e-02,5.897805094718933105e-02,7.264281623065471649e-03,2.638298319652676582e-03,-1.148491725325584412e-02,-3.849720116704702377e-03,1.396003179252147675e-02,-7.152487523853778839e-03,-5.926958750933408737e-03,1.536218170076608658e-02,-8.244610391557216644e-03,6.017393898218870163e-03,7.226437330245971680e-03,-2.451275661587715149e-02,-1.841123029589653015e-02
-6.417974946089088917e-04,9.543109335936605930e-04,6.948949303478002548e-03,-3.802865045145153999e-03,1.774824340827763081e-04,-4.356011282652616501e-03,-1.677167747402563691e-04,5.404520314186811447e-03,1.024647615849971771e-03,2.378516457974910736e-02,-8.508894592523574829e-03,-1.115924492478370667e-02,1.629522885195910931e-03,5.685842130333185196e-03,1.387127209454774857e-02,1.630558981560170650e-03,4.042429476976394653e-02,1.590842194855213165e-02,3.015341702848672867e-03,-1.957370899617671967e-02,-3.054482163861393929e-03,1.773984916508197784e-02,-8.171448484063148499e-03,-8.518096059560775757e-03,5.204420071095228195e-03,-1.100488007068634033e-02,9.429641067981719971e-03,6.056919228285551071e-03,-2.282163687050342560e-02,-4.470878094434738159e-02
4.393320996314287186e-04,-1.539490069262683392e-03,1.106528751552104950e-02,3.462021413724869490e-04,-9.747102856636047363e-03,-1.176771614700555801e-02,-1.595217472640797496e-04,4.660950042307376862e-03,1.127105206251144409e-02,1.616535149514675140e-02,-4.456585738807916641e-03,-1.392499776557087898e-03,-5.014334805309772491e-03,-5.600273609161376953e-03,6.296708434820175171e-02,1.955077424645423889e-02,-2.748316712677478790e-02,1.239932887256145477e-02,-6.811688654124736786e-04,-1.307847443968057632e-02,-5.890470347367227077e-04,5.048527964390814304e-04,-3.643044736236333847e-03,-6.154590286314487457e-03,8.181780576705932617e-03,-1.512862369418144226e-02,2.078710682690143585e-02,-1.138078281655907631e-03,-4.947098903357982635e-03,-3.664056211709976196e-02
-2.639276674017310143e-03,-6.082991021685302258e-04,6.239056121557950974e-03,3.334774868562817574e-03,-1.118046324700117111e-02,-1.453113276511430740e-02,5.951373022980988026e-04,1.025680103339254856e-03,1.554816262796521187e-03,5.049339029937982559e-03,-2.183312317356467247e-03,5.714059341698884964e-03,-3.573425579816102982e-03,-2.000211179256439209e-02,6.861296296119689941e-02,2.359483577311038971e-02,-1.059304028749465942e-01,-9.044960141181945801e-03,-4.423714242875576019e-03,-4.669303598348051310e-04,8.697356097400188446e-04,-2.065102383494377136e-02,-1.778370700776576996e-03,-2.091045491397380829e-03,2.428893372416496277e-02,-2.305422909557819366e-02,2.058688178658485413e-02,-1.981193944811820984e-02,1.831600069999694824e-02,-4.627376329153776169e-03
2.086022170260548592e-03,3.957696259021759033e-03,-1.329500693827867508e-02,-1.668850309215486050e-03,-4.784359771292656660e-04,-9.530233219265937805e-03,-2.993858652189373970e-04,1.191232877317816019e-04,-1.299722772091627121e-02,-4.679377190768718719e-03,-2.686434600036591291e-04,5.975344683974981308e-03,5.022070836275815964e-04,-1.886678673326969147e-02,3.761284053325653076e-02,1.411802414804697037e-02,-7.472182810306549072e-02,-1.406722608953714371e-02,-4.284778144210577011e-03,6.401882041245698929e-03,7.018505129963159561e-03,-2.360844612121582031e-02,4.200666677206754684e-03,3.702626097947359085e-03,3.245931863784790039e-02,-1.613202877342700958e-02,1.320191472768783569e-02,-2.017229050397872925e-02,2.290742471814155579e-02,1.514833234250545502e-02
4.827341064810752869e-03,4.626363050192594528e-03,-2.857442200183868408e-02,-9.474386461079120636e-03,5.230592098087072372e-03,4.660026170313358307e-03,-3.634255146607756615e-03,4.588153213262557983e-03,-8.666397072374820709e-03,-7.629505358636379242e-03,-2.486419398337602615e-04,2.319273306056857109e-03,8.155003190040588379e-03,-7.160067907534539700e-04,-8.168438449501991272e-03,-4.694955889135599136e-03,2.620624378323554993e-02,-7.771714590489864349e-03,1.302103977650403976e-03,-2.204787015216425061e-04,3.106996184214949608e-03,-6.793978158384561539e-03,3.404469462111592293e-03,5.211371928453445435e-03,2.944851666688919067e-02,-1.062645390629768372e-02,6.999291479587554932e-03,-8.877933956682682037e-03,2.423647604882717133e-02,2.029915526509284973e-02
5.686071235686540604e-03,4.326886031776666641e-03,-2.065384760499000549e-02,-1.137695182114839554e-02,7.587694562971591949e-03,1.009268313646316528e-02,2.392880851402878761e-03,7.371679879724979401e-03,7.243375759571790695e-03,-1.062083989381790161e-03,-3.155126702040433884e-03,-2.336753532290458679e-03,9.235156700015068054e-03,1.264550071209669113e-02,-3.426637873053550720e-02,-1.868272386491298676e-02,9.103538841009140015e-02,-4.223526921123266220e-03,2.847995143383741379e-03,-5.943395080976188183e-04,-1.714726327918469906e-03,6.706973072141408920e-03,-1.990577904507517815e-03,7.527270354330539703e-04,1.747811771929264069e-02,-1.002644933760166168e-02,-4.831135272979736328e-03,7.389990147203207016e-03,8.627356030046939850e-03,1.000451110303401947e-02
-1.380383269861340523e-03,1.903004013001918793e-03,-7.821741513907909393e-03,-4.452425055205821991e-03,2.609612420201301575e-03,9.040305390954017639e-03,4.833494313061237335e-03,2.028652932494878769e-03,2.117827907204627991e-02,8.192952722311019897e-03,-6.618717219680547714e-03,-3.521963022649288177e-03,4.313471727073192596e-03,1.688956469297409058e-02,-3.880485519766807556e-02,-2.094203419983386993e-02,8.645801246166229248e-02,-1.178751466795802116e-03,1.263482146896421909e-03,-1.895476831123232841e-03,-8.469458669424057007e-03,1.366154197603464127e-02,-3.576130140572786331e-03,9.632406290620565414e-04,1.098759006708860397e-02,-1.345243304967880249e-02,-1.049003656953573227e-02,1.262908801436424255e-02,-5.201559048146009445e-03,2.555320272222161293e-03
-8.317749015986919403e-03,-3.935938701033592224e-03,9.933471679687500000e-03,4.221181850880384445e-03,-2.213691594079136848e-03,7.523773238062858582e-03,-9.360371623188257217e-04,-4.194300156086683273e-03,1.275742799043655396e-02,3.580110846087336540e-03,-5.414278246462345123e-03,-3.117548301815986633e-03,-1.810726593248546124e-03,1.398204453289508820e-02,-4.082027077674865723e-02,-1.130423415452241898e-02,-4.431051202118396759e-03,3.010029206052422523e-03,3.267955267801880836e-03,4.932765150442719460e-04,-5.603493656963109970e-03,7.305574137717485428e-03,3.646916593424975872e-04,4.929937422275543213e-03,1.064630970358848572e-02,-1.722346059978008270e-02,-6.913784891366958618e-03,6.278898101300001144e-03,-6.372256204485893250e-03,1.168285496532917023e-03
-1.006425358355045319e-02,-6.832524202764034271e-03,1.300723198801279068e-02,8.625977672636508942e-03,-5.343731492757797241e-03,3.630061633884906769e-03,-1.098390482366085052e-02,-1.036595273762941360e-02,-5.760295316576957703e-04,-6.498150061815977097e-03,2.055512974038720131e-03,2.424545586109161377e-03,-4.152934532612562180e-03,5.923656746745109558e-03,-2.733542397618293762e-02,1.561006181873381138e-03,-9.742753952741622925e-02,-1.467220485210418701e-03,-3.814635565504431725e-04,2.447037724778056145e-03,3.657285589724779129e-03,2.115232637152075768e-03,8.048325777053833008e-03,1.053395587950944901e-02,1.231074426323175430e-02,-1.517995446920394897e-02,1.300322008319199085e-03,-1.170997321605682373e-02,-1.552347210235893726e-03,1.065214071422815323e-02
-2.550159813836216927e-03,-4.184636287391185760e-03,1.506086066365242004e-02,1.097585819661617279e-02,-2.634028438478708267e-03,-1.224391511641442776e-03,-1.087603997439146042e-02,-3.165712580084800720e-03,-8.909581229090690613e-03,-1.924399100244045258e-02,6.604341324418783188e-03,7.963918149471282959e-03,-4.719572141766548157e-03,-6.466998718678951263e-03,7.333595305681228638e-03,2.026118524372577667e-02,-7.695464044809341431e-02,8.860327070578932762e-04,-3.970149904489517212e-03,5.468421732075512409e-04,7.059992291033267975e-03,-3.679368412122130394e-03,5.449688527733087540e-03,4.172599408775568008e-03,1.991077698767185211e-02,-1.206797361373901367e-02,2.682137070223689079e-03,-2.050855755805969238e-02,-6.094434065744280815e-04,9.325272403657436371e-03
1.784656196832656860e-03,-1.732734031975269318e-03,1.117852330207824707e-02,4.914188291877508163e-03,6.569080287590622902e-04,-2.605685731396079063e-03,4.766952712088823318e-03,8.966388180851936340e-03,-2.075658645480871201e-03,-1.251364685595035553e-02,1.730338903144001961e-03,5.153518635779619217e-03,-2.013021148741245270e-03,-1.374341640621423721e-02,4.541296139359474182e-02,2.675592899322509766e-02,-1.226988062262535095e-02,5.317278672009706497e-03,-2.426194958388805389e-03,-1.221268624067306519e-02,6.725595332682132721e-03,-2.531650476157665253e-03,-6.422650534659624100e-03,-8.099284954369068146e-03,2.634400129318237305e-02,-1.496116723865270615e-02,-4.149324260652065277e-03,-1.755845174193382263e-02,-3.442989429458975792e-03,5.721527151763439178e-03
-2.985637169331312180e-03,-1.211304683238267899e-03,2.794986823573708534e-03,1.580846263095736504e-03,6.460974691435694695e-04,-5.037014489062130451e-04,7.418490946292877197e-03,6.737785879522562027e-03,3.056320594623684883e-03,-5.050035542808473110e-04,-5.102126859128475189e-03,7.319800788536667824e-04,1.797862467356026173e-03,-1.000618841499090195e-02,5.071035027503967285e-02,9.694259613752365112e-03,3.485555201768875122e-02,3.904338926076889038e-03,3.016974776983261108e-03,-1.380289625376462936e-02,4.523230716586112976e-03,2.432331442832946777e-03,-1.977241411805152893e-02,-1.746145263314247131e-02,2.439333498477935791e-02,-1.065951958298683167e-02,-2.285325154662132263e-02,-1.063785795122385025e-02,-4.779001697897911072e-03,-9.281081729568541050e-04
-5.036786198616027832e-03,1.321793417446315289e-03,-4.539202433079481125e-03,-4.032550845295190811e-03,-2.441246295347809792e-03,-1.145450165495276451e-03,-1.390070770867168903e-03,4.286161856725811958e-04,5.804447457194328308e-03,1.057322416454553604e-02,-7.361492142081260681e-03,7.708811899647116661e-04,1.173045719042420387e-03,9.466582909226417542e-03,3.793944045901298523e-02,-2.462973818182945251e-02,8.451403677463531494e-02,4.158597439527511597e-03,7.290314417332410812e-03,-1.856969785876572132e-03,-4.093743860721588135e-03,5.542015191167593002e-03,-1.665407977998256683e-02,-9.965685196220874786e-03,1.899619400501251221e-02,-7.695008069276809692e-03,-2.411142550408840179e-02,-6.615587044507265091e-03,-8.486845530569553375e-03,-3.541642334312200546e-03
-7.621835102327167988e-04,7.842450286261737347e-04,-2.938116667792201042e-03,-7.792695425450801849e-03,-2.847259864211082458e-03,-5.399726796895265579e-03,-7.944867946207523346e-03,-4.372567404061555862e-03,8.148715831339359283e-03,1.093410886824131012e-02,-6.014996208250522614e-03,-2.570357173681259155e-03,-2.388964872807264328e-03,1.609345525503158569e-02,1.876047253608703613e-02,-2.930932864546775818e-02,8.183202892541885376e-02,-1.272724010050296783e-03,4.873097408562898636e-03,2.013440802693367004e-02,-1.130536291748285294e-02,2.232050755992531776e-03,-1.517759752459824085e-03,2.977281576022505760e-03,1.667437888681888580e-02,-1.310786977410316467e-02,-1.325744763016700745e-02,-5.618087481707334518e-03,-1.097545586526393890e-02,5.298298783600330353e-04
5.962384864687919617e-03,-3.077045257668942213e-04,8.349261479452252388e-04,-5.675450898706912994e-03,-2.333731827093288302e-04,-2.450424246490001678e-03,-7.451804820448160172e-03,-2.229253994300961494e-03,3.682409645989537239e-03,3.882216522470116615e-03,-5.201776511967182159e-03,1.398271648213267326e-03,1.257383543998003006e-02,-3.950238693505525589e-03,1.539894728921353817e-03,5.011414177715778351e-04,-1.025429833680391312e-02,-4.894216079264879227e-03,5.547650653170421720e-05,2.892679721117019653e-02,-1.352618075907230377e-02,3.426719340495765209e-04,1.609008200466632843e-02,8.568559773266315460e-03,1.916074752807617188e-02,-1.207960955798625946e-02,9.870515204966068268e-03,-4.415804287418723106e-04,-1.228009816259145737e-03,4.620996303856372833e-03
7.363631390035152435e-03,-2.515552099794149399e-03,-6.258852314203977585e-03,-6.223273812793195248e-04,5.429908051155507565e-04,-1.827724976465106010e-03,1.915884204208850861e-03,1.688437536358833313e-03,2.925120992586016655e-03,-7.559412624686956406e-03,-2.917193342000246048e-03,6.569255609065294266e-03,7.096429821103811264e-03,-1.697533205151557922e-02,4.634590819478034973e-03,3.988244757056236267e-02,-8.895744383335113525e-02,-4.130175337195396423e-03,-2.242291579023003578e-03,9.732345119118690491e-03,-3.145289607346057892e-03,-7.217031088657677174e-05,2.212266623973846436e-02,3.217784978915005922e-04,2.326072007417678833e-02,-9.243723936378955841e-03,2.265500463545322418e-02,7.255170028656721115e-03,1.327248872257769108e-03,3.575798589736223221e-03
-3.371878061443567276e-03,-5.290517583489418030e-03,-4.983209539204835892e-03,-1.203631749376654625e-03,-1.440870109945535660e-03,-3.139255568385124207e-03,9.587796521373093128e-04,2.066334011033177376e-03,1.404236350208520889e-02,-1.312710996717214584e-02,-1.320113515248522162e-04,4.491144791245460510e-03,-7.921846699900925159e-04,-8.124264888465404510e-03,-2.087264880537986755e-02,1.933796703815460205e-02,-1.155355796217918396e-01,4.123270511627197266e-03,-1.126199495047330856e-03,-9.208217263221740723e-03,5.390399135649204254e-03,-3.103620372712612152e-03,6.564232520759105682e-03,-7.021260447800159454e-03,1.780337095260620117e-02,-5.909656174480915070e-03,2.248492650687694550e-02,1.913281041197478771e-03,3.466688562184572220e-03,-1.784775755368173122e-03
-8.710228838026523590e-03,-1.818425720557570457e-03,-7.568614557385444641e-03,2.048195805400609970e-03,9.014881215989589691e-04,-4.840715322643518448e-03,3.141336841508746147e-03,8.757675997912883759e-03,2.030105888843536377e-02,-1.729073585011065006e-03,1.816186355426907539e-03,-5.455737933516502380e-03,-5.933531560003757477e-03,1.243896503001451492e-02,-5.156500265002250671e-02,-1.759185269474983215e-02,-1.409653387963771820e-02,8.741186000406742096e-03,-1.385435345582664013e-03,-2.178960666060447693e-02,1.116344612091779709e-02,-3.087688703089952469e-03,-1.498723123222589493e-02,-4.551909863948822021e-03,1.661041937768459320e-02,-4.121965263038873672e-03,1.517106685787439346e-02,-2.719762502238154411e-03,8.178936317563056946e-03,-7.505179382860660553e-03
-1.387569354847073555e-03,6.700260564684867859e-03,-9.020793251693248749e-03,1.532418769784271717e-03,-3.742830595001578331e-04,-1.365210046060383320e-03,-4.087521694600582123e-03,9.282094426453113556e-03,8.454369381070137024e-03,7.511530537158250809e-03,-5.189151270315051079e-04,-6.567062810063362122e-03,2.919895807281136513e-03,2.189858630299568176e-02,-3.486313670873641968e-02,-2.855241857469081879e-02,9.814444184303283691e-02,7.175970240496098995e-04,-4.892559722065925598e-03,-1.307932194322347641e-02,2.540956949815154076e-03,-3.379178466275334358e-03,-2.370745688676834106e-02,2.642062492668628693e-03,6.624317262321710587e-03,-1.373409410007297993e-03,-3.373350948095321655e-03,-1.393481972627341747e-03,7.773924618959426880e-03,-3.048571059480309486e-03
5.134722683578729630e-03,1.118076592683792114e-02,-2.451951731927692890e-04,2.635054755955934525e-03,-4.507945384830236435e-03,-2.022647997364401817e-03,-6.291498430073261261e-03,2.150672953575849533e-03,1.990002114325761795e-03,5.582223180681467056e-03,-3.793743439018726349e-03,-3.011198714375495911e-03,1.081708632409572601e-02,1.349660288542509079e-02,8.900309912860393524e-03,-1.146307121962308884e-02,8.965060859918594360e-02,-8.160842582583427429e-03,-6.040730979293584824e-03,1.476066390750929713e-04,-2.524872543290257454e-03,-3.738361410796642303e-04,-8.722136728465557098e-03,4.383272957056760788e-03,-1.486910186940804124e-04,-3.449098672717809677e-03,-2.765190228819847107e-02,-2.692582085728645325e-03,7.657329086214303970e-03,1.484699605498462915e-04
5.497273832588689402e-06,5.354164633899927139e-03,7.152705620683263987e-06,3.017098060809075832e-04,-4.547663964331150055e-03,-2.686689840629696846e-03,-2.769245766103267670e-03,-8.507004007697105408e-03,-1.860574702732264996e-03,-4.204774741083383560e-03,-3.625347453635185957e-04,-3.195546742063015699e-04,4.491399973630905151e-03,8.152931695803999901e-04,4.528874531388282776e-02,9.836180135607719421e-03,7.355096284300088882e-03,-4.139320459216833115e-03,-2.666326472535729408e-03,5.195129197090864182e-03,-5.981674883514642715e-03,-1.393071841448545456e-03,6.405616179108619690e-03,-2.183786418754607439e-04,4.421144723892211914e-03,-1.016273908317089081e-02,-3.805295005440711975e-02,-9.422858245670795441e-03,6.677088327705860138e-03,1.575919915921986103e-03
-1.423695590347051620e-03,-1.842292142100632191e-03,4.687875043600797653e-03,-2.936397795565426350e-04,-2.170061925426125526e-03,-1.037426292896270752e-03,-2.743926597759127617e-03,-8.675679564476013184e-03,-4.582778085023164749e-03,-5.756027996540069580e-03,1.068098819814622402e-03,-3.302304539829492569e-03,-6.521632429212331772e-03,-1.691269315779209137e-02,2.778024785220623016e-02,1.851094700396060944e-02,-7.315798103809356689e-02,5.102401599287986755e-03,5.403588060289621353e-03,5.862505175173282623e-03,-4.902580287307500839e-03,7.336717098951339722e-04,8.409331552684307098e-03,-2.468875376507639885e-03,1.891491003334522247e-02,-9.026905521750450134e-03,-2.458881400525569916e-02,-1.120461337268352509e-02,2.024733927100896835e-03,-2.506562741473317146e-03
-1.702615292742848396e-03,-4.126258194446563721e-03,3.737416584044694901e-03,-1.149391871877014637e-03,-1.067522913217544556e-03,3.795363241806626320e-03,-1.767718233168125153e-03,-3.300682874396443367e-03,3.494110715109854937e-04,-1.608617138117551804e-03,1.423127017915248871e-03,-6.110900547355413437e-03,-6.503423675894737244e-03,-1.015582308173179626e-02,-2.931526862084865570e-03,4.889098461717367172e-03,-3.511666879057884216e-02,5.696438718587160110e-03,6.033623125404119492e-03,1.635460794204846025e-04,-5.231390241533517838e-04,7.193926139734685421e-04,4.550141282379627228e-03,-1.685099792666733265e-03,9.940082207322120667e-03,-2.468242542818188667e-03,4.006725270301103592e-03,-6.570061668753623962e-03,-7.165974006056785583e-03,-4.613352008163928986e-03
-1.113898120820522308e-03,-3.885636804625391960e-03,-6.412123912014067173e-04,-2.558897947892546654e-03,-1.364990021102130413e-04,4.850417841225862503e-03,-2.263246802613139153e-03,-1.151252654381096363e-03,2.824940253049135208e-03,1.861405558884143829e-03,-1.210706424899399281e-03,-4.500934854149818420e-03,-6.370375049300491810e-04,5.428921431303024292e-03,-9.224423207342624664e-03,-6.389928981661796570e-03,1.164481043815612793e-02,2.342719235457479954e-04,2.064206870272755623e-03,-4.194817971438169479e-03,1.058945665135979652e-03,1.076121348887681961e-03,-7.597119547426700592e-04,1.895060995593667030e-04,1.954966597259044647e-02,-3.233394585549831390e-03,1.004558801651000977e-02,-6.810495164245367050e-03,-9.640420787036418915e-03,-3.945797507185488939e-04
-1.353419036604464054e-03,-3.363390453159809113e-03,-1.225466025061905384e-03,-3.084677038714289665e-03,-1.168922986835241318e-03,4.574333725031465292e-04,-5.396396736614406109e-04,1.777797471731901169e-03,3.562266938388347626e-03,4.617704835254698992e-04,-2.065200591459870338e-03,8.722768398001790047e-04,2.150740474462509155e-03,6.033742334693670273e-03,-3.425444010645151138e-03,-2.428812207654118538e-03,1.082258671522140503e-02,-1.038152724504470825e-03,-1.897515496239066124e-03,-1.607507816515862942e-03,1.172918593510985374e-03,-3.051769162993878126e-04,-3.209812566637992859e-03,-4.930581199005246162e-04,1.445026136934757233e-02,-3.463752102106809616e-03,4.357216879725456238e-03,-6.512330379337072372e-03,-7.969563826918601990e-03,6.147369276732206345e-04
-5.167236304259859025e-05,-5.336705944500863552e-04,-2.067054301733151078e-04,-1.307572587393224239e-03,-3.861215081997215748e-04,-1.026109326630830765e-03,-9.651027503423392773e-04,1.842550351284444332e-03,1.688872464001178741e-03,-8.814738830551505089e-04,-1.384890987537801266e-03,1.036755507811903954e-03,1.856054062955081463e-03,3.767485264688730240e-03,-3.548828826751559973e-04,-6.703807157464325428e-04,4.577483516186475754e-03,-3.506477223709225655e-04,-7.686511962674558163e-04,2.985218598041683435e-04,-5.578504642471671104e-04,-4.479941853787750006e-04,-2.351047703996300697e-03,-5.502622807398438454e-04,1.400280836969614029e-02,-2.402304671704769135e-03,2.408271684544160962e-04,-5.868571344763040543e-03,-3.785584354773163795e-03,1.636236411286517978e-04
-1.081072332453913987e-04,7.710334612056612968e-04,-7.039588526822626591e-04,-2.546622999943792820e-04,2.349678688915446401e-04,-9.012474911287426949e-04,-8.155287941917777061e-04,9.160963818430900574e-04,9.031155495904386044e-04,-6.161595811136066914e-04,-1.370817190036177635e-04,5.791748408228158951e-04,3.199328493792563677e-04,1.748261158354580402e-03,1.000752206891775131e-03,3.828431072179228067e-04,8.691773400641977787e-04,3.168807888869196177e-04,-5.371207371354103088e-04,6.931083044037222862e-04,-2.046284207608550787e-04,-6.163174402900040150e-04,-8.855017367750406265e-04,1.987167706829495728e-06,5.133615806698799133e-03,-6.287419237196445465e-04,-2.054384909570217133e-03,-2.577183535322546959e-03,-1.468653674237430096e-03,-4.813086125068366528e-04
3.059229929931461811e-04,8.706583175808191299e-04,-6.175118032842874527e-04,-5.806320041301660240e-05,1.048890553647652268e-04,-6.106058717705309391e-04,-9.547352092340588570e-04,2.183644683100283146e-04,5.677233566530048847e-04,-6.186431855894625187e-04,-2.611928794067353010e-04,-1.568730076542124152e-04,5.367002449929714203e-04,1.571117434650659561e-03,1.019603223539888859e-03,4.148087173234671354e-04,-1.074192230589687824e-03,3.677154309116303921e-04,-2.114786766469478607e-04,1.146978698670864105e-03,-6.029218784533441067e-04,-7.522817468270659447e-04,-8.887134754331782460e-05,-1.793056981114204973e-05,3.614077577367424965e-03,1.023468794301152229e-04,-1.210500253364443779e-03,-5.590447108261287212e-04,-6.330369506031274796e-04,-4.064312670379877090e-04
-1.650775084272027016e-04,1.072508457582443953e-04,-1.917220652103424072e-05,-9.974514978239312768e-05,-9.005868196254596114e-05,2.689573193492833525e-05,-1.910929277073591948e-04,1.266917388420552015e-05,-2.519523259252309799e-04,-3.610965795814990997e-04,4.652014467865228653e-05,5.257724842522293329e-05,-7.443204231094568968e-05,-1.169118404504843056e-04,7.945629768073558807e-04,3.625174867920577526e-04,-1.389450975693762302e-03,1.850722183007746935e-04,3.493103213259018958e-05,3.267317651989287697e-07,-3.718533262144774199e-04,-1.151972319348715246e-04,-2.197838148276787251e-05,9.628179395804181695e-05,1.391678582876920700e-03,2.288453542860224843e-04,-9.304917766712605953e-04,-6.228304700925946236e-04,7.447468669852241874e-05,-1.621750998310744762e-04
-1.609359023859724402e-04,9.478653373662382364e-05,-2.300777123309671879e-05,-1.493485469836741686e-04,-2.191142993979156017e-05,-6.377769750542938709e-05,-1.344557094853371382e-04,6.125525396782904863e-05,9.049118671100586653e-05,1.185867586173117161e-05,-6.436637340812012553e-05,-6.998712342465296388e-05,-1.025270557875046507e-05,1.386352378176525235e-04,5.896003494854085147e-05,-3.988134722021641210e-06,-2.085203159367665648e-04,-7.795505553076509386e-06,-1.323142805631505325e-05,1.426300004823133349e-04,-9.654752648202702403e-05,-1.340437738690525293e-04,9.524376218905672431e-05,3.020654730789829046e-05,1.399989268975332379e-04,-1.590326974110212177e-05,7.107671262929216027e-05,-1.499021018389612436e-04,-5.057289672549813986e-05,-4.092875315109267831e-05
